_id,code,name,name_with_type,parent_code,path,path_with_type,slug,type
6580ea489fadc6b60cb85656,001,Ba Đình,Quận Ba Đình,01,"Ba Đình, Hà Nội","Quận Ba Đình, Thành phố Hà Nội",ba-dinh,quan
6580ea489fadc6b60cb85657,002,Hoàn Kiếm,Quận Hoàn Kiếm,01,"Hoàn Kiếm, Hà Nội","Quận Hoàn Kiếm, Thành phố Hà Nội",hoan-kiem,quan
6580ea489fadc6b60cb85658,003,Tây Hồ,Quận Tây Hồ,01,"Tây Hồ, Hà Nội","Quận Tây Hồ, Thành phố Hà Nội",tay-ho,quan
6580ea489fadc6b60cb85659,004,Long Biên,Quận Long Biên,01,"Long Biên, Hà Nội","Quận Long Biên, Thành phố Hà Nội",long-bien,quan
6580ea489fadc6b60cb8565a,005,Cầu Giấy,Quận Cầu Giấy,01,"Cầu Giấy, Hà Nội","Quận Cầu Giấy, Thành phố Hà Nội",cau-giay,quan
6580ea489fadc6b60cb8565b,006,Đống Đa,Quận Đống Đa,01,"Đống Đa, Hà Nội","Quận Đống Đa, Thành phố Hà Nội",dong-da,quan
6580ea489fadc6b60cb8565c,007,Hai Bà Trưng,Quận Hai Bà Trưng,01,"Hai Bà Trưng, Hà Nội","Quận Hai Bà Trưng, Thành phố Hà Nội",hai-ba-trung,quan
6580ea489fadc6b60cb8565d,008,Hoàng Mai,Quận Hoàng Mai,01,"Hoàng Mai, Hà Nội","Quận Hoàng Mai, Thành phố Hà Nội",hoang-mai,quan
6580ea489fadc6b60cb8565e,009,Thanh Xuân,Quận Thanh Xuân,01,"Thanh Xuân, Hà Nội","Quận Thanh Xuân, Thành phố Hà Nội",thanh-xuan,quan
6580ea489fadc6b60cb8565f,016,Sóc Sơn,Huyện Sóc Sơn,01,"Sóc Sơn, Hà Nội","Huyện Sóc Sơn, Thành phố Hà Nội",soc-son,huyen
6580ea489fadc6b60cb85660,017,Đông Anh,Huyện Đông Anh,01,"Đông Anh, Hà Nội","Huyện Đông Anh, Thành phố Hà Nội",dong-anh,huyen
6580ea489fadc6b60cb85661,018,Gia Lâm,Huyện Gia Lâm,01,"Gia Lâm, Hà Nội","Huyện Gia Lâm, Thành phố Hà Nội",gia-lam,huyen
6580ea489fadc6b60cb85662,019,Nam Từ Liêm,Quận Nam Từ Liêm,01,"Nam Từ Liêm, Hà Nội","Quận Nam Từ Liêm, Thành phố Hà Nội",nam-tu-liem,quan
6580ea489fadc6b60cb85663,020,Thanh Trì,Huyện Thanh Trì,01,"Thanh Trì, Hà Nội","Huyện Thanh Trì, Thành phố Hà Nội",thanh-tri,huyen
6580ea489fadc6b60cb85664,021,Bắc Từ Liêm,Quận Bắc Từ Liêm,01,"Bắc Từ Liêm, Hà Nội","Quận Bắc Từ Liêm, Thành phố Hà Nội",bac-tu-liem,quan
6580ea489fadc6b60cb85665,024,Hà Giang,Thành phố Hà Giang,02,"Hà Giang, Hà Giang","Thành phố Hà Giang, Tỉnh Hà Giang",ha-giang,thanh-pho
6580ea489fadc6b60cb85666,026,Đồng Văn,Huyện Đồng Văn,02,"Đồng Văn, Hà Giang","Huyện Đồng Văn, Tỉnh Hà Giang",dong-van,huyen
6580ea489fadc6b60cb85667,027,Mèo Vạc,Huyện Mèo Vạc,02,"Mèo Vạc, Hà Giang","Huyện Mèo Vạc, Tỉnh Hà Giang",meo-vac,huyen
6580ea489fadc6b60cb85668,028,Yên Minh,Huyện Yên Minh,02,"Yên Minh, Hà Giang","Huyện Yên Minh, Tỉnh Hà Giang",yen-minh,huyen
6580ea489fadc6b60cb85669,029,Quản Bạ,Huyện Quản Bạ,02,"Quản Bạ, Hà Giang","Huyện Quản Bạ, Tỉnh Hà Giang",quan-ba,huyen
6580ea489fadc6b60cb8566a,030,Vị Xuyên,Huyện Vị Xuyên,02,"Vị Xuyên, Hà Giang","Huyện Vị Xuyên, Tỉnh Hà Giang",vi-xuyen,huyen
6580ea489fadc6b60cb8566b,031,Bắc Mê,Huyện Bắc Mê,02,"Bắc Mê, Hà Giang","Huyện Bắc Mê, Tỉnh Hà Giang",bac-me,huyen
6580ea489fadc6b60cb8566c,032,Hoàng Su Phì,Huyện Hoàng Su Phì,02,"Hoàng Su Phì, Hà Giang","Huyện Hoàng Su Phì, Tỉnh Hà Giang",hoang-su-phi,huyen
6580ea489fadc6b60cb8566d,033,Xín Mần,Huyện Xín Mần,02,"Xín Mần, Hà Giang","Huyện Xín Mần, Tỉnh Hà Giang",xin-man,huyen
6580ea489fadc6b60cb8566e,034,Bắc Quang,Huyện Bắc Quang,02,"Bắc Quang, Hà Giang","Huyện Bắc Quang, Tỉnh Hà Giang",bac-quang,huyen
6580ea489fadc6b60cb8566f,035,Quang Bình,Huyện Quang Bình,02,"Quang Bình, Hà Giang","Huyện Quang Bình, Tỉnh Hà Giang",quang-binh,huyen
6580ea489fadc6b60cb85670,040,Cao Bằng,Thành phố Cao Bằng,04,"Cao Bằng, Cao Bằng","Thành phố Cao Bằng, Tỉnh Cao Bằng",cao-bang,thanh-pho
6580ea489fadc6b60cb85671,042,Bảo Lâm,Huyện Bảo Lâm,04,"Bảo Lâm, Cao Bằng","Huyện Bảo Lâm, Tỉnh Cao Bằng",bao-lam,huyen
6580ea489fadc6b60cb85672,043,Bảo Lạc,Huyện Bảo Lạc,04,"Bảo Lạc, Cao Bằng","Huyện Bảo Lạc, Tỉnh Cao Bằng",bao-lac,huyen
6580ea489fadc6b60cb85673,045,Hà Quảng,Huyện Hà Quảng,04,"Hà Quảng, Cao Bằng","Huyện Hà Quảng, Tỉnh Cao Bằng",ha-quang,huyen
6580ea489fadc6b60cb85674,047,Trùng Khánh,Huyện Trùng Khánh,04,"Trùng Khánh, Cao Bằng","Huyện Trùng Khánh, Tỉnh Cao Bằng",trung-khanh,huyen
6580ea489fadc6b60cb85675,048,Hạ Lang,Huyện Hạ Lang,04,"Hạ Lang, Cao Bằng","Huyện Hạ Lang, Tỉnh Cao Bằng",ha-lang,huyen
6580ea489fadc6b60cb85676,049,Quảng Hòa,Huyện Quảng Hòa,04,"Quảng Hòa, Cao Bằng","Huyện Quảng Hòa, Tỉnh Cao Bằng",quang-hoa,huyen
6580ea489fadc6b60cb85677,051,Hoà An,Huyện Hoà An,04,"Hoà An, Cao Bằng","Huyện Hoà An, Tỉnh Cao Bằng",hoa-an,huyen
6580ea489fadc6b60cb85678,052,Nguyên Bình,Huyện Nguyên Bình,04,"Nguyên Bình, Cao Bằng","Huyện Nguyên Bình, Tỉnh Cao Bằng",nguyen-binh,huyen
6580ea489fadc6b60cb85679,053,Thạch An,Huyện Thạch An,04,"Thạch An, Cao Bằng","Huyện Thạch An, Tỉnh Cao Bằng",thach-an,huyen
6580ea489fadc6b60cb8567a,058,Bắc Kạn,Thành Phố Bắc Kạn,06,"Bắc Kạn, Bắc Kạn","Thành Phố Bắc Kạn, Tỉnh Bắc Kạn",bac-kan,thanh-pho
6580ea489fadc6b60cb8567b,060,Pác Nặm,Huyện Pác Nặm,06,"Pác Nặm, Bắc Kạn","Huyện Pác Nặm, Tỉnh Bắc Kạn",pac-nam,huyen
6580ea489fadc6b60cb8567c,061,Ba Bể,Huyện Ba Bể,06,"Ba Bể, Bắc Kạn","Huyện Ba Bể, Tỉnh Bắc Kạn",ba-be,huyen
6580ea489fadc6b60cb8567d,062,Ngân Sơn,Huyện Ngân Sơn,06,"Ngân Sơn, Bắc Kạn","Huyện Ngân Sơn, Tỉnh Bắc Kạn",ngan-son,huyen
6580ea489fadc6b60cb8567e,063,Bạch Thông,Huyện Bạch Thông,06,"Bạch Thông, Bắc Kạn","Huyện Bạch Thông, Tỉnh Bắc Kạn",bach-thong,huyen
6580ea489fadc6b60cb8567f,064,Chợ Đồn,Huyện Chợ Đồn,06,"Chợ Đồn, Bắc Kạn","Huyện Chợ Đồn, Tỉnh Bắc Kạn",cho-don,huyen
6580ea489fadc6b60cb85680,065,Chợ Mới,Huyện Chợ Mới,06,"Chợ Mới, Bắc Kạn","Huyện Chợ Mới, Tỉnh Bắc Kạn",cho-moi,huyen
6580ea489fadc6b60cb85681,066,Na Rì,Huyện Na Rì,06,"Na Rì, Bắc Kạn","Huyện Na Rì, Tỉnh Bắc Kạn",na-ri,huyen
6580ea489fadc6b60cb85682,070,Tuyên Quang,Thành phố Tuyên Quang,08,"Tuyên Quang, Tuyên Quang","Thành phố Tuyên Quang, Tỉnh Tuyên Quang",tuyen-quang,thanh-pho
6580ea489fadc6b60cb85683,071,Lâm Bình,Huyện Lâm Bình,08,"Lâm Bình, Tuyên Quang","Huyện Lâm Bình, Tỉnh Tuyên Quang",lam-binh,huyen
6580ea489fadc6b60cb85684,072,Na Hang,Huyện Na Hang,08,"Na Hang, Tuyên Quang","Huyện Na Hang, Tỉnh Tuyên Quang",na-hang,huyen
6580ea489fadc6b60cb85685,073,Chiêm Hóa,Huyện Chiêm Hóa,08,"Chiêm Hóa, Tuyên Quang","Huyện Chiêm Hóa, Tỉnh Tuyên Quang",chiem-hoa,huyen
6580ea489fadc6b60cb85686,074,Hàm Yên,Huyện Hàm Yên,08,"Hàm Yên, Tuyên Quang","Huyện Hàm Yên, Tỉnh Tuyên Quang",ham-yen,huyen
6580ea489fadc6b60cb85687,075,Yên Sơn,Huyện Yên Sơn,08,"Yên Sơn, Tuyên Quang","Huyện Yên Sơn, Tỉnh Tuyên Quang",yen-son,huyen
6580ea489fadc6b60cb85688,076,Sơn Dương,Huyện Sơn Dương,08,"Sơn Dương, Tuyên Quang","Huyện Sơn Dương, Tỉnh Tuyên Quang",son-duong,huyen
6580ea489fadc6b60cb85689,080,Lào Cai,Thành phố Lào Cai,10,"Lào Cai, Lào Cai","Thành phố Lào Cai, Tỉnh Lào Cai",lao-cai,thanh-pho
6580ea489fadc6b60cb8568a,082,Bát Xát,Huyện Bát Xát,10,"Bát Xát, Lào Cai","Huyện Bát Xát, Tỉnh Lào Cai",bat-xat,huyen
6580ea489fadc6b60cb8568b,083,Mường Khương,Huyện Mường Khương,10,"Mường Khương, Lào Cai","Huyện Mường Khương, Tỉnh Lào Cai",muong-khuong,huyen
6580ea489fadc6b60cb8568c,084,Si Ma Cai,Huyện Si Ma Cai,10,"Si Ma Cai, Lào Cai","Huyện Si Ma Cai, Tỉnh Lào Cai",si-ma-cai,huyen
6580ea489fadc6b60cb8568d,085,Bắc Hà,Huyện Bắc Hà,10,"Bắc Hà, Lào Cai","Huyện Bắc Hà, Tỉnh Lào Cai",bac-ha,huyen
6580ea489fadc6b60cb8568e,086,Bảo Thắng,Huyện Bảo Thắng,10,"Bảo Thắng, Lào Cai","Huyện Bảo Thắng, Tỉnh Lào Cai",bao-thang,huyen
6580ea489fadc6b60cb8568f,087,Bảo Yên,Huyện Bảo Yên,10,"Bảo Yên, Lào Cai","Huyện Bảo Yên, Tỉnh Lào Cai",bao-yen,huyen
6580ea489fadc6b60cb85690,088,Sa Pa,Thị xã Sa Pa,10,"Sa Pa, Lào Cai","Thị xã Sa Pa, Tỉnh Lào Cai",sa-pa,thi-xa
6580ea489fadc6b60cb85691,089,Văn Bàn,Huyện Văn Bàn,10,"Văn Bàn, Lào Cai","Huyện Văn Bàn, Tỉnh Lào Cai",van-ban,huyen
6580ea489fadc6b60cb85692,094,Điện Biên Phủ,Thành phố Điện Biên Phủ,11,"Điện Biên Phủ, Điện Biên","Thành phố Điện Biên Phủ, Tỉnh Điện Biên",dien-bien-phu,thanh-pho
6580ea489fadc6b60cb85693,095,Mường Lay,Thị xã Mường Lay,11,"Mường Lay, Điện Biên","Thị xã Mường Lay, Tỉnh Điện Biên",muong-lay,thi-xa
6580ea489fadc6b60cb85694,096,Mường Nhé,Huyện Mường Nhé,11,"Mường Nhé, Điện Biên","Huyện Mường Nhé, Tỉnh Điện Biên",muong-nhe,huyen
6580ea489fadc6b60cb85695,097,Mường Chà,Huyện Mường Chà,11,"Mường Chà, Điện Biên","Huyện Mường Chà, Tỉnh Điện Biên",muong-cha,huyen
6580ea489fadc6b60cb85696,098,Tủa Chùa,Huyện Tủa Chùa,11,"Tủa Chùa, Điện Biên","Huyện Tủa Chùa, Tỉnh Điện Biên",tua-chua,huyen
6580ea489fadc6b60cb85697,099,Tuần Giáo,Huyện Tuần Giáo,11,"Tuần Giáo, Điện Biên","Huyện Tuần Giáo, Tỉnh Điện Biên",tuan-giao,huyen
6580ea489fadc6b60cb85698,100,Điện Biên,Huyện Điện Biên,11,"Điện Biên, Điện Biên","Huyện Điện Biên, Tỉnh Điện Biên",dien-bien,huyen
6580ea489fadc6b60cb85699,101,Điện Biên Đông,Huyện Điện Biên Đông,11,"Điện Biên Đông, Điện Biên","Huyện Điện Biên Đông, Tỉnh Điện Biên",dien-bien-dong,huyen
6580ea489fadc6b60cb8569a,102,Mường Ảng,Huyện Mường Ảng,11,"Mường Ảng, Điện Biên","Huyện Mường Ảng, Tỉnh Điện Biên",muong-ang,huyen
6580ea489fadc6b60cb8569b,103,Nậm Pồ,Huyện Nậm Pồ,11,"Nậm Pồ, Điện Biên","Huyện Nậm Pồ, Tỉnh Điện Biên",nam-po,huyen
6580ea489fadc6b60cb8569c,105,Lai Châu,Thành phố Lai Châu,12,"Lai Châu, Lai Châu","Thành phố Lai Châu, Tỉnh Lai Châu",lai-chau,thanh-pho
6580ea489fadc6b60cb8569d,106,Tam Đường,Huyện Tam Đường,12,"Tam Đường, Lai Châu","Huyện Tam Đường, Tỉnh Lai Châu",tam-duong,huyen
6580ea489fadc6b60cb8569e,107,Mường Tè,Huyện Mường Tè,12,"Mường Tè, Lai Châu","Huyện Mường Tè, Tỉnh Lai Châu",muong-te,huyen
6580ea489fadc6b60cb8569f,108,Sìn Hồ,Huyện Sìn Hồ,12,"Sìn Hồ, Lai Châu","Huyện Sìn Hồ, Tỉnh Lai Châu",sin-ho,huyen
6580ea489fadc6b60cb856a0,109,Phong Thổ,Huyện Phong Thổ,12,"Phong Thổ, Lai Châu","Huyện Phong Thổ, Tỉnh Lai Châu",phong-tho,huyen
6580ea489fadc6b60cb856a1,110,Than Uyên,Huyện Than Uyên,12,"Than Uyên, Lai Châu","Huyện Than Uyên, Tỉnh Lai Châu",than-uyen,huyen
6580ea489fadc6b60cb856a2,111,Tân Uyên,Huyện Tân Uyên,12,"Tân Uyên, Lai Châu","Huyện Tân Uyên, Tỉnh Lai Châu",tan-uyen,huyen
6580ea489fadc6b60cb856a3,112,Nậm Nhùn,Huyện Nậm Nhùn,12,"Nậm Nhùn, Lai Châu","Huyện Nậm Nhùn, Tỉnh Lai Châu",nam-nhun,huyen
6580ea489fadc6b60cb856a4,116,Sơn La,Thành phố Sơn La,14,"Sơn La, Sơn La","Thành phố Sơn La, Tỉnh Sơn La",son-la,thanh-pho
6580ea489fadc6b60cb856a5,118,Quỳnh Nhai,Huyện Quỳnh Nhai,14,"Quỳnh Nhai, Sơn La","Huyện Quỳnh Nhai, Tỉnh Sơn La",quynh-nhai,huyen
6580ea489fadc6b60cb856a6,119,Thuận Châu,Huyện Thuận Châu,14,"Thuận Châu, Sơn La","Huyện Thuận Châu, Tỉnh Sơn La",thuan-chau,huyen
6580ea489fadc6b60cb856a7,120,Mường La,Huyện Mường La,14,"Mường La, Sơn La","Huyện Mường La, Tỉnh Sơn La",muong-la,huyen
6580ea489fadc6b60cb856a8,121,Bắc Yên,Huyện Bắc Yên,14,"Bắc Yên, Sơn La","Huyện Bắc Yên, Tỉnh Sơn La",bac-yen,huyen
6580ea489fadc6b60cb856a9,122,Phù Yên,Huyện Phù Yên,14,"Phù Yên, Sơn La","Huyện Phù Yên, Tỉnh Sơn La",phu-yen,huyen
6580ea489fadc6b60cb856aa,123,Mộc Châu,Huyện Mộc Châu,14,"Mộc Châu, Sơn La","Huyện Mộc Châu, Tỉnh Sơn La",moc-chau,huyen
6580ea489fadc6b60cb856ab,124,Yên Châu,Huyện Yên Châu,14,"Yên Châu, Sơn La","Huyện Yên Châu, Tỉnh Sơn La",yen-chau,huyen
6580ea489fadc6b60cb856ac,125,Mai Sơn,Huyện Mai Sơn,14,"Mai Sơn, Sơn La","Huyện Mai Sơn, Tỉnh Sơn La",mai-son,huyen
6580ea489fadc6b60cb856ad,126,Sông Mã,Huyện Sông Mã,14,"Sông Mã, Sơn La","Huyện Sông Mã, Tỉnh Sơn La",song-ma,huyen
6580ea489fadc6b60cb856ae,127,Sốp Cộp,Huyện Sốp Cộp,14,"Sốp Cộp, Sơn La","Huyện Sốp Cộp, Tỉnh Sơn La",sop-cop,huyen
6580ea489fadc6b60cb856af,128,Vân Hồ,Huyện Vân Hồ,14,"Vân Hồ, Sơn La","Huyện Vân Hồ, Tỉnh Sơn La",van-ho,huyen
6580ea489fadc6b60cb856b0,132,Yên Bái,Thành phố Yên Bái,15,"Yên Bái, Yên Bái","Thành phố Yên Bái, Tỉnh Yên Bái",yen-bai,thanh-pho
6580ea489fadc6b60cb856b1,133,Nghĩa Lộ,Thị xã Nghĩa Lộ,15,"Nghĩa Lộ, Yên Bái","Thị xã Nghĩa Lộ, Tỉnh Yên Bái",nghia-lo,thi-xa
6580ea489fadc6b60cb856b2,135,Lục Yên,Huyện Lục Yên,15,"Lục Yên, Yên Bái","Huyện Lục Yên, Tỉnh Yên Bái",luc-yen,huyen
6580ea489fadc6b60cb856b3,136,Văn Yên,Huyện Văn Yên,15,"Văn Yên, Yên Bái","Huyện Văn Yên, Tỉnh Yên Bái",van-yen,huyen
6580ea489fadc6b60cb856b4,137,Mù Căng Chải,Huyện Mù Căng Chải,15,"Mù Căng Chải, Yên Bái","Huyện Mù Căng Chải, Tỉnh Yên Bái",mu-cang-chai,huyen
6580ea489fadc6b60cb856b5,138,Trấn Yên,Huyện Trấn Yên,15,"Trấn Yên, Yên Bái","Huyện Trấn Yên, Tỉnh Yên Bái",tran-yen,huyen
6580ea489fadc6b60cb856b6,139,Trạm Tấu,Huyện Trạm Tấu,15,"Trạm Tấu, Yên Bái","Huyện Trạm Tấu, Tỉnh Yên Bái",tram-tau,huyen
6580ea489fadc6b60cb856b7,140,Văn Chấn,Huyện Văn Chấn,15,"Văn Chấn, Yên Bái","Huyện Văn Chấn, Tỉnh Yên Bái",van-chan,huyen
6580ea489fadc6b60cb856b8,141,Yên Bình,Huyện Yên Bình,15,"Yên Bình, Yên Bái","Huyện Yên Bình, Tỉnh Yên Bái",yen-binh,huyen
6580ea489fadc6b60cb856b9,148,Hòa Bình,Thành phố Hòa Bình,17,"Hòa Bình, Hoà Bình","Thành phố Hòa Bình, Tỉnh Hoà Bình",hoa-binh,thanh-pho
6580ea489fadc6b60cb856ba,150,Đà Bắc,Huyện Đà Bắc,17,"Đà Bắc, Hoà Bình","Huyện Đà Bắc, Tỉnh Hoà Bình",da-bac,huyen
6580ea489fadc6b60cb856bb,152,Lương Sơn,Huyện Lương Sơn,17,"Lương Sơn, Hoà Bình","Huyện Lương Sơn, Tỉnh Hoà Bình",luong-son,huyen
6580ea489fadc6b60cb856bc,153,Kim Bôi,Huyện Kim Bôi,17,"Kim Bôi, Hoà Bình","Huyện Kim Bôi, Tỉnh Hoà Bình",kim-boi,huyen
6580ea489fadc6b60cb856bd,154,Cao Phong,Huyện Cao Phong,17,"Cao Phong, Hoà Bình","Huyện Cao Phong, Tỉnh Hoà Bình",cao-phong,huyen
6580ea489fadc6b60cb856be,155,Tân Lạc,Huyện Tân Lạc,17,"Tân Lạc, Hoà Bình","Huyện Tân Lạc, Tỉnh Hoà Bình",tan-lac,huyen
6580ea489fadc6b60cb856bf,156,Mai Châu,Huyện Mai Châu,17,"Mai Châu, Hoà Bình","Huyện Mai Châu, Tỉnh Hoà Bình",mai-chau,huyen
6580ea489fadc6b60cb856c0,157,Lạc Sơn,Huyện Lạc Sơn,17,"Lạc Sơn, Hoà Bình","Huyện Lạc Sơn, Tỉnh Hoà Bình",lac-son,huyen
6580ea489fadc6b60cb856c1,158,Yên Thủy,Huyện Yên Thủy,17,"Yên Thủy, Hoà Bình","Huyện Yên Thủy, Tỉnh Hoà Bình",yen-thuy,huyen
6580ea489fadc6b60cb856c2,159,Lạc Thủy,Huyện Lạc Thủy,17,"Lạc Thủy, Hoà Bình","Huyện Lạc Thủy, Tỉnh Hoà Bình",lac-thuy,huyen
6580ea489fadc6b60cb856c3,164,Thái Nguyên,Thành phố Thái Nguyên,19,"Thái Nguyên, Thái Nguyên","Thành phố Thái Nguyên, Tỉnh Thái Nguyên",thai-nguyen,thanh-pho
6580ea489fadc6b60cb856c4,165,Sông Công,Thành phố Sông Công,19,"Sông Công, Thái Nguyên","Thành phố Sông Công, Tỉnh Thái Nguyên",song-cong,thanh-pho
6580ea489fadc6b60cb856c5,167,Định Hóa,Huyện Định Hóa,19,"Định Hóa, Thái Nguyên","Huyện Định Hóa, Tỉnh Thái Nguyên",dinh-hoa,huyen
6580ea489fadc6b60cb856c6,168,Phú Lương,Huyện Phú Lương,19,"Phú Lương, Thái Nguyên","Huyện Phú Lương, Tỉnh Thái Nguyên",phu-luong,huyen
6580ea489fadc6b60cb856c7,169,Đồng Hỷ,Huyện Đồng Hỷ,19,"Đồng Hỷ, Thái Nguyên","Huyện Đồng Hỷ, Tỉnh Thái Nguyên",dong-hy,huyen
6580ea489fadc6b60cb856c8,170,Võ Nhai,Huyện Võ Nhai,19,"Võ Nhai, Thái Nguyên","Huyện Võ Nhai, Tỉnh Thái Nguyên",vo-nhai,huyen
6580ea489fadc6b60cb856c9,171,Đại Từ,Huyện Đại Từ,19,"Đại Từ, Thái Nguyên","Huyện Đại Từ, Tỉnh Thái Nguyên",dai-tu,huyen
6580ea489fadc6b60cb856ca,172,Phổ Yên,Thành phố Phổ Yên,19,"Phổ Yên, Thái Nguyên","Thành phố Phổ Yên, Tỉnh Thái Nguyên",pho-yen,thanh-pho
6580ea489fadc6b60cb856cb,173,Phú Bình,Huyện Phú Bình,19,"Phú Bình, Thái Nguyên","Huyện Phú Bình, Tỉnh Thái Nguyên",phu-binh,huyen
6580ea489fadc6b60cb856cc,178,Lạng Sơn,Thành phố Lạng Sơn,20,"Lạng Sơn, Lạng Sơn","Thành phố Lạng Sơn, Tỉnh Lạng Sơn",lang-son,thanh-pho
6580ea489fadc6b60cb856cd,180,Tràng Định,Huyện Tràng Định,20,"Tràng Định, Lạng Sơn","Huyện Tràng Định, Tỉnh Lạng Sơn",trang-dinh,huyen
6580ea489fadc6b60cb856ce,181,Bình Gia,Huyện Bình Gia,20,"Bình Gia, Lạng Sơn","Huyện Bình Gia, Tỉnh Lạng Sơn",binh-gia,huyen
6580ea489fadc6b60cb856cf,182,Văn Lãng,Huyện Văn Lãng,20,"Văn Lãng, Lạng Sơn","Huyện Văn Lãng, Tỉnh Lạng Sơn",van-lang,huyen
6580ea489fadc6b60cb856d0,183,Cao Lộc,Huyện Cao Lộc,20,"Cao Lộc, Lạng Sơn","Huyện Cao Lộc, Tỉnh Lạng Sơn",cao-loc,huyen
6580ea489fadc6b60cb856d1,184,Văn Quan,Huyện Văn Quan,20,"Văn Quan, Lạng Sơn","Huyện Văn Quan, Tỉnh Lạng Sơn",van-quan,huyen
6580ea489fadc6b60cb856d2,185,Bắc Sơn,Huyện Bắc Sơn,20,"Bắc Sơn, Lạng Sơn","Huyện Bắc Sơn, Tỉnh Lạng Sơn",bac-son,huyen
6580ea489fadc6b60cb856d3,186,Hữu Lũng,Huyện Hữu Lũng,20,"Hữu Lũng, Lạng Sơn","Huyện Hữu Lũng, Tỉnh Lạng Sơn",huu-lung,huyen
6580ea489fadc6b60cb856d4,187,Chi Lăng,Huyện Chi Lăng,20,"Chi Lăng, Lạng Sơn","Huyện Chi Lăng, Tỉnh Lạng Sơn",chi-lang,huyen
6580ea489fadc6b60cb856d5,188,Lộc Bình,Huyện Lộc Bình,20,"Lộc Bình, Lạng Sơn","Huyện Lộc Bình, Tỉnh Lạng Sơn",loc-binh,huyen
6580ea489fadc6b60cb856d6,189,Đình Lập,Huyện Đình Lập,20,"Đình Lập, Lạng Sơn","Huyện Đình Lập, Tỉnh Lạng Sơn",dinh-lap,huyen
6580ea489fadc6b60cb856d7,193,Hạ Long,Thành phố Hạ Long,22,"Hạ Long, Quảng Ninh","Thành phố Hạ Long, Tỉnh Quảng Ninh",ha-long,thanh-pho
6580ea489fadc6b60cb856d8,194,Móng Cái,Thành phố Móng Cái,22,"Móng Cái, Quảng Ninh","Thành phố Móng Cái, Tỉnh Quảng Ninh",mong-cai,thanh-pho
6580ea489fadc6b60cb856d9,195,Cẩm Phả,Thành phố Cẩm Phả,22,"Cẩm Phả, Quảng Ninh","Thành phố Cẩm Phả, Tỉnh Quảng Ninh",cam-pha,thanh-pho
6580ea489fadc6b60cb856da,196,Uông Bí,Thành phố Uông Bí,22,"Uông Bí, Quảng Ninh","Thành phố Uông Bí, Tỉnh Quảng Ninh",uong-bi,thanh-pho
6580ea489fadc6b60cb856db,198,Bình Liêu,Huyện Bình Liêu,22,"Bình Liêu, Quảng Ninh","Huyện Bình Liêu, Tỉnh Quảng Ninh",binh-lieu,huyen
6580ea489fadc6b60cb856dc,199,Tiên Yên,Huyện Tiên Yên,22,"Tiên Yên, Quảng Ninh","Huyện Tiên Yên, Tỉnh Quảng Ninh",tien-yen,huyen
6580ea489fadc6b60cb856dd,200,Đầm Hà,Huyện Đầm Hà,22,"Đầm Hà, Quảng Ninh","Huyện Đầm Hà, Tỉnh Quảng Ninh",dam-ha,huyen
6580ea489fadc6b60cb856de,201,Hải Hà,Huyện Hải Hà,22,"Hải Hà, Quảng Ninh","Huyện Hải Hà, Tỉnh Quảng Ninh",hai-ha,huyen
6580ea489fadc6b60cb856df,202,Ba Chẽ,Huyện Ba Chẽ,22,"Ba Chẽ, Quảng Ninh","Huyện Ba Chẽ, Tỉnh Quảng Ninh",ba-che,huyen
6580ea489fadc6b60cb856e0,203,Vân Đồn,Huyện Vân Đồn,22,"Vân Đồn, Quảng Ninh","Huyện Vân Đồn, Tỉnh Quảng Ninh",van-don,huyen
6580ea489fadc6b60cb856e1,205,Đông Triều,Thị xã Đông Triều,22,"Đông Triều, Quảng Ninh","Thị xã Đông Triều, Tỉnh Quảng Ninh",dong-trieu,thi-xa
6580ea489fadc6b60cb856e2,206,Quảng Yên,Thị xã Quảng Yên,22,"Quảng Yên, Quảng Ninh","Thị xã Quảng Yên, Tỉnh Quảng Ninh",quang-yen,thi-xa
6580ea489fadc6b60cb856e3,207,Cô Tô,Huyện Cô Tô,22,"Cô Tô, Quảng Ninh","Huyện Cô Tô, Tỉnh Quảng Ninh",co-to,huyen
6580ea489fadc6b60cb856e4,213,Bắc Giang,Thành phố Bắc Giang,24,"Bắc Giang, Bắc Giang","Thành phố Bắc Giang, Tỉnh Bắc Giang",bac-giang,thanh-pho
6580ea489fadc6b60cb856e5,215,Yên Thế,Huyện Yên Thế,24,"Yên Thế, Bắc Giang","Huyện Yên Thế, Tỉnh Bắc Giang",yen-the,huyen
6580ea489fadc6b60cb856e6,216,Tân Yên,Huyện Tân Yên,24,"Tân Yên, Bắc Giang","Huyện Tân Yên, Tỉnh Bắc Giang",tan-yen,huyen
6580ea489fadc6b60cb856e7,217,Lạng Giang,Huyện Lạng Giang,24,"Lạng Giang, Bắc Giang","Huyện Lạng Giang, Tỉnh Bắc Giang",lang-giang,huyen
6580ea489fadc6b60cb856e8,218,Lục Nam,Huyện Lục Nam,24,"Lục Nam, Bắc Giang","Huyện Lục Nam, Tỉnh Bắc Giang",luc-nam,huyen
6580ea489fadc6b60cb856e9,219,Lục Ngạn,Huyện Lục Ngạn,24,"Lục Ngạn, Bắc Giang","Huyện Lục Ngạn, Tỉnh Bắc Giang",luc-ngan,huyen
6580ea489fadc6b60cb856ea,220,Sơn Động,Huyện Sơn Động,24,"Sơn Động, Bắc Giang","Huyện Sơn Động, Tỉnh Bắc Giang",son-dong,huyen
6580ea489fadc6b60cb856eb,221,Yên Dũng,Huyện Yên Dũng,24,"Yên Dũng, Bắc Giang","Huyện Yên Dũng, Tỉnh Bắc Giang",yen-dung,huyen
6580ea489fadc6b60cb856ec,222,Việt Yên,Huyện Việt Yên,24,"Việt Yên, Bắc Giang","Huyện Việt Yên, Tỉnh Bắc Giang",viet-yen,huyen
6580ea489fadc6b60cb856ed,223,Hiệp Hòa,Huyện Hiệp Hòa,24,"Hiệp Hòa, Bắc Giang","Huyện Hiệp Hòa, Tỉnh Bắc Giang",hiep-hoa,huyen
6580ea489fadc6b60cb856ee,227,Việt Trì,Thành phố Việt Trì,25,"Việt Trì, Phú Thọ","Thành phố Việt Trì, Tỉnh Phú Thọ",viet-tri,thanh-pho
6580ea489fadc6b60cb856ef,228,Phú Thọ,Thị xã Phú Thọ,25,"Phú Thọ, Phú Thọ","Thị xã Phú Thọ, Tỉnh Phú Thọ",phu-tho,thi-xa
6580ea489fadc6b60cb856f0,230,Đoan Hùng,Huyện Đoan Hùng,25,"Đoan Hùng, Phú Thọ","Huyện Đoan Hùng, Tỉnh Phú Thọ",doan-hung,huyen
6580ea489fadc6b60cb856f1,231,Hạ Hoà,Huyện Hạ Hoà,25,"Hạ Hoà, Phú Thọ","Huyện Hạ Hoà, Tỉnh Phú Thọ",ha-hoa,huyen
6580ea489fadc6b60cb856f2,232,Thanh Ba,Huyện Thanh Ba,25,"Thanh Ba, Phú Thọ","Huyện Thanh Ba, Tỉnh Phú Thọ",thanh-ba,huyen
6580ea489fadc6b60cb856f3,233,Phù Ninh,Huyện Phù Ninh,25,"Phù Ninh, Phú Thọ","Huyện Phù Ninh, Tỉnh Phú Thọ",phu-ninh,huyen
6580ea489fadc6b60cb856f4,234,Yên Lập,Huyện Yên Lập,25,"Yên Lập, Phú Thọ","Huyện Yên Lập, Tỉnh Phú Thọ",yen-lap,huyen
6580ea489fadc6b60cb856f5,235,Cẩm Khê,Huyện Cẩm Khê,25,"Cẩm Khê, Phú Thọ","Huyện Cẩm Khê, Tỉnh Phú Thọ",cam-khe,huyen
6580ea489fadc6b60cb856f6,236,Tam Nông,Huyện Tam Nông,25,"Tam Nông, Phú Thọ","Huyện Tam Nông, Tỉnh Phú Thọ",tam-nong,huyen
6580ea489fadc6b60cb856f7,237,Lâm Thao,Huyện Lâm Thao,25,"Lâm Thao, Phú Thọ","Huyện Lâm Thao, Tỉnh Phú Thọ",lam-thao,huyen
6580ea489fadc6b60cb856f8,238,Thanh Sơn,Huyện Thanh Sơn,25,"Thanh Sơn, Phú Thọ","Huyện Thanh Sơn, Tỉnh Phú Thọ",thanh-son,huyen
6580ea489fadc6b60cb856f9,239,Thanh Thuỷ,Huyện Thanh Thuỷ,25,"Thanh Thuỷ, Phú Thọ","Huyện Thanh Thuỷ, Tỉnh Phú Thọ",thanh-thuy,huyen
6580ea489fadc6b60cb856fa,240,Tân Sơn,Huyện Tân Sơn,25,"Tân Sơn, Phú Thọ","Huyện Tân Sơn, Tỉnh Phú Thọ",tan-son,huyen
6580ea489fadc6b60cb856fb,243,Vĩnh Yên,Thành phố Vĩnh Yên,26,"Vĩnh Yên, Vĩnh Phúc","Thành phố Vĩnh Yên, Tỉnh Vĩnh Phúc",vinh-yen,thanh-pho
6580ea489fadc6b60cb856fc,244,Phúc Yên,Thành phố Phúc Yên,26,"Phúc Yên, Vĩnh Phúc","Thành phố Phúc Yên, Tỉnh Vĩnh Phúc",phuc-yen,thanh-pho
6580ea489fadc6b60cb856fd,246,Lập Thạch,Huyện Lập Thạch,26,"Lập Thạch, Vĩnh Phúc","Huyện Lập Thạch, Tỉnh Vĩnh Phúc",lap-thach,huyen
6580ea489fadc6b60cb856ff,248,Tam Đảo,Huyện Tam Đảo,26,"Tam Đảo, Vĩnh Phúc","Huyện Tam Đảo, Tỉnh Vĩnh Phúc",tam-dao,huyen
6580ea489fadc6b60cb85700,249,Bình Xuyên,Huyện Bình Xuyên,26,"Bình Xuyên, Vĩnh Phúc","Huyện Bình Xuyên, Tỉnh Vĩnh Phúc",binh-xuyen,huyen
6580ea489fadc6b60cb85701,250,Mê Linh,Huyện Mê Linh,01,"Mê Linh, Hà Nội","Huyện Mê Linh, Thành phố Hà Nội",me-linh,huyen
6580ea489fadc6b60cb85702,251,Yên Lạc,Huyện Yên Lạc,26,"Yên Lạc, Vĩnh Phúc","Huyện Yên Lạc, Tỉnh Vĩnh Phúc",yen-lac,huyen
6580ea489fadc6b60cb85703,252,Vĩnh Tường,Huyện Vĩnh Tường,26,"Vĩnh Tường, Vĩnh Phúc","Huyện Vĩnh Tường, Tỉnh Vĩnh Phúc",vinh-tuong,huyen
6580ea489fadc6b60cb85704,253,Sông Lô,Huyện Sông Lô,26,"Sông Lô, Vĩnh Phúc","Huyện Sông Lô, Tỉnh Vĩnh Phúc",song-lo,huyen
6580ea489fadc6b60cb85705,256,Bắc Ninh,Thành phố Bắc Ninh,27,"Bắc Ninh, Bắc Ninh","Thành phố Bắc Ninh, Tỉnh Bắc Ninh",bac-ninh,thanh-pho
6580ea489fadc6b60cb85706,258,Yên Phong,Huyện Yên Phong,27,"Yên Phong, Bắc Ninh","Huyện Yên Phong, Tỉnh Bắc Ninh",yen-phong,huyen
6580ea489fadc6b60cb85707,259,Quế Võ,Thị xã Quế Võ,27,"Quế Võ, Bắc Ninh","Thị xã Quế Võ, Tỉnh Bắc Ninh",que-vo,thi-xa
6580ea489fadc6b60cb85708,260,Tiên Du,Huyện Tiên Du,27,"Tiên Du, Bắc Ninh","Huyện Tiên Du, Tỉnh Bắc Ninh",tien-du,huyen
6580ea489fadc6b60cb85709,261,Từ Sơn,Thành phố Từ Sơn,27,"Từ Sơn, Bắc Ninh","Thành phố Từ Sơn, Tỉnh Bắc Ninh",tu-son,thanh-pho
6580ea489fadc6b60cb8570a,262,Thuận Thành,Thị xã Thuận Thành,27,"Thuận Thành, Bắc Ninh","Thị xã Thuận Thành, Tỉnh Bắc Ninh",thuan-thanh,thi-xa
6580ea489fadc6b60cb8570b,263,Gia Bình,Huyện Gia Bình,27,"Gia Bình, Bắc Ninh","Huyện Gia Bình, Tỉnh Bắc Ninh",gia-binh,huyen
6580ea489fadc6b60cb8570c,264,Lương Tài,Huyện Lương Tài,27,"Lương Tài, Bắc Ninh","Huyện Lương Tài, Tỉnh Bắc Ninh",luong-tai,huyen
6580ea489fadc6b60cb8570d,268,Hà Đông,Quận Hà Đông,01,"Hà Đông, Hà Nội","Quận Hà Đông, Thành phố Hà Nội",ha-dong,quan
6580ea489fadc6b60cb8570e,269,Sơn Tây,Thị xã Sơn Tây,01,"Sơn Tây, Hà Nội","Thị xã Sơn Tây, Thành phố Hà Nội",son-tay,thi-xa
6580ea489fadc6b60cb8570f,271,Ba Vì,Huyện Ba Vì,01,"Ba Vì, Hà Nội","Huyện Ba Vì, Thành phố Hà Nội",ba-vi,huyen
6580ea489fadc6b60cb85710,272,Phúc Thọ,Huyện Phúc Thọ,01,"Phúc Thọ, Hà Nội","Huyện Phúc Thọ, Thành phố Hà Nội",phuc-tho,huyen
6580ea489fadc6b60cb85711,273,Đan Phượng,Huyện Đan Phượng,01,"Đan Phượng, Hà Nội","Huyện Đan Phượng, Thành phố Hà Nội",dan-phuong,huyen
6580ea489fadc6b60cb85712,274,Hoài Đức,Huyện Hoài Đức,01,"Hoài Đức, Hà Nội","Huyện Hoài Đức, Thành phố Hà Nội",hoai-duc,huyen
6580ea489fadc6b60cb85713,275,Quốc Oai,Huyện Quốc Oai,01,"Quốc Oai, Hà Nội","Huyện Quốc Oai, Thành phố Hà Nội",quoc-oai,huyen
6580ea489fadc6b60cb85714,276,Thạch Thất,Huyện Thạch Thất,01,"Thạch Thất, Hà Nội","Huyện Thạch Thất, Thành phố Hà Nội",thach-that,huyen
6580ea489fadc6b60cb85715,277,Chương Mỹ,Huyện Chương Mỹ,01,"Chương Mỹ, Hà Nội","Huyện Chương Mỹ, Thành phố Hà Nội",chuong-my,huyen
6580ea489fadc6b60cb85716,278,Thanh Oai,Huyện Thanh Oai,01,"Thanh Oai, Hà Nội","Huyện Thanh Oai, Thành phố Hà Nội",thanh-oai,huyen
6580ea489fadc6b60cb85717,279,Thường Tín,Huyện Thường Tín,01,"Thường Tín, Hà Nội","Huyện Thường Tín, Thành phố Hà Nội",thuong-tin,huyen
6580ea489fadc6b60cb85718,280,Phú Xuyên,Huyện Phú Xuyên,01,"Phú Xuyên, Hà Nội","Huyện Phú Xuyên, Thành phố Hà Nội",phu-xuyen,huyen
6580ea489fadc6b60cb85719,281,Ứng Hòa,Huyện Ứng Hòa,01,"Ứng Hòa, Hà Nội","Huyện Ứng Hòa, Thành phố Hà Nội",ung-hoa,huyen
6580ea489fadc6b60cb8571a,282,Mỹ Đức,Huyện Mỹ Đức,01,"Mỹ Đức, Hà Nội","Huyện Mỹ Đức, Thành phố Hà Nội",my-duc,huyen
6580ea489fadc6b60cb8571b,288,Hải Dương,Thành phố Hải Dương,30,"Hải Dương, Hải Dương","Thành phố Hải Dương, Tỉnh Hải Dương",hai-duong,thanh-pho
6580ea489fadc6b60cb8571c,290,Chí Linh,Thành phố Chí Linh,30,"Chí Linh, Hải Dương","Thành phố Chí Linh, Tỉnh Hải Dương",chi-linh,thanh-pho
6580ea489fadc6b60cb8571d,291,Nam Sách,Huyện Nam Sách,30,"Nam Sách, Hải Dương","Huyện Nam Sách, Tỉnh Hải Dương",nam-sach,huyen
6580ea489fadc6b60cb8571e,292,Kinh Môn,Thị xã Kinh Môn,30,"Kinh Môn, Hải Dương","Thị xã Kinh Môn, Tỉnh Hải Dương",kinh-mon,thi-xa
6580ea489fadc6b60cb8571f,293,Kim Thành,Huyện Kim Thành,30,"Kim Thành, Hải Dương","Huyện Kim Thành, Tỉnh Hải Dương",kim-thanh,huyen
6580ea489fadc6b60cb85720,294,Thanh Hà,Huyện Thanh Hà,30,"Thanh Hà, Hải Dương","Huyện Thanh Hà, Tỉnh Hải Dương",thanh-ha,huyen
6580ea489fadc6b60cb85721,295,Cẩm Giàng,Huyện Cẩm Giàng,30,"Cẩm Giàng, Hải Dương","Huyện Cẩm Giàng, Tỉnh Hải Dương",cam-giang,huyen
6580ea489fadc6b60cb85722,296,Bình Giang,Huyện Bình Giang,30,"Bình Giang, Hải Dương","Huyện Bình Giang, Tỉnh Hải Dương",binh-giang,huyen
6580ea489fadc6b60cb85723,297,Gia Lộc,Huyện Gia Lộc,30,"Gia Lộc, Hải Dương","Huyện Gia Lộc, Tỉnh Hải Dương",gia-loc,huyen
6580ea489fadc6b60cb85724,298,Tứ Kỳ,Huyện Tứ Kỳ,30,"Tứ Kỳ, Hải Dương","Huyện Tứ Kỳ, Tỉnh Hải Dương",tu-ky,huyen
6580ea489fadc6b60cb85725,299,Ninh Giang,Huyện Ninh Giang,30,"Ninh Giang, Hải Dương","Huyện Ninh Giang, Tỉnh Hải Dương",ninh-giang,huyen
6580ea489fadc6b60cb85726,300,Thanh Miện,Huyện Thanh Miện,30,"Thanh Miện, Hải Dương","Huyện Thanh Miện, Tỉnh Hải Dương",thanh-mien,huyen
6580ea489fadc6b60cb85727,303,Hồng Bàng,Quận Hồng Bàng,31,"Hồng Bàng, Hải Phòng","Quận Hồng Bàng, Thành phố Hải Phòng",hong-bang,quan
6580ea489fadc6b60cb85728,304,Ngô Quyền,Quận Ngô Quyền,31,"Ngô Quyền, Hải Phòng","Quận Ngô Quyền, Thành phố Hải Phòng",ngo-quyen,quan
6580ea489fadc6b60cb85729,305,Lê Chân,Quận Lê Chân,31,"Lê Chân, Hải Phòng","Quận Lê Chân, Thành phố Hải Phòng",le-chan,quan
6580ea489fadc6b60cb8572a,306,Hải An,Quận Hải An,31,"Hải An, Hải Phòng","Quận Hải An, Thành phố Hải Phòng",hai-an,quan
6580ea489fadc6b60cb8572b,307,Kiến An,Quận Kiến An,31,"Kiến An, Hải Phòng","Quận Kiến An, Thành phố Hải Phòng",kien-an,quan
6580ea489fadc6b60cb8572c,308,Đồ Sơn,Quận Đồ Sơn,31,"Đồ Sơn, Hải Phòng","Quận Đồ Sơn, Thành phố Hải Phòng",do-son,quan
6580ea489fadc6b60cb8572d,309,Dương Kinh,Quận Dương Kinh,31,"Dương Kinh, Hải Phòng","Quận Dương Kinh, Thành phố Hải Phòng",duong-kinh,quan
6580ea489fadc6b60cb8572e,311,Thuỷ Nguyên,Huyện Thuỷ Nguyên,31,"Thuỷ Nguyên, Hải Phòng","Huyện Thuỷ Nguyên, Thành phố Hải Phòng",thuy-nguyen,huyen
6580ea489fadc6b60cb8572f,312,An Dương,Huyện An Dương,31,"An Dương, Hải Phòng","Huyện An Dương, Thành phố Hải Phòng",an-duong,huyen
6580ea489fadc6b60cb85730,313,An Lão,Huyện An Lão,31,"An Lão, Hải Phòng","Huyện An Lão, Thành phố Hải Phòng",an-lao,huyen
6580ea489fadc6b60cb85731,314,Kiến Thuỵ,Huyện Kiến Thuỵ,31,"Kiến Thuỵ, Hải Phòng","Huyện Kiến Thuỵ, Thành phố Hải Phòng",kien-thuy,huyen
6580ea489fadc6b60cb85732,315,Tiên Lãng,Huyện Tiên Lãng,31,"Tiên Lãng, Hải Phòng","Huyện Tiên Lãng, Thành phố Hải Phòng",tien-lang,huyen
6580ea489fadc6b60cb85733,316,Vĩnh Bảo,Huyện Vĩnh Bảo,31,"Vĩnh Bảo, Hải Phòng","Huyện Vĩnh Bảo, Thành phố Hải Phòng",vinh-bao,huyen
6580ea489fadc6b60cb85734,317,Cát Hải,Huyện Cát Hải,31,"Cát Hải, Hải Phòng","Huyện Cát Hải, Thành phố Hải Phòng",cat-hai,huyen
6580ea489fadc6b60cb85735,318,Bạch Long Vĩ,Huyện Bạch Long Vĩ,31,"Bạch Long Vĩ, Hải Phòng","Huyện Bạch Long Vĩ, Thành phố Hải Phòng",bach-long-vi,huyen
6580ea489fadc6b60cb85736,323,Hưng Yên,Thành phố Hưng Yên,33,"Hưng Yên, Hưng Yên","Thành phố Hưng Yên, Tỉnh Hưng Yên",hung-yen,thanh-pho
6580ea489fadc6b60cb85737,325,Văn Lâm,Huyện Văn Lâm,33,"Văn Lâm, Hưng Yên","Huyện Văn Lâm, Tỉnh Hưng Yên",van-lam,huyen
6580ea489fadc6b60cb85738,326,Văn Giang,Huyện Văn Giang,33,"Văn Giang, Hưng Yên","Huyện Văn Giang, Tỉnh Hưng Yên",van-giang,huyen
6580ea489fadc6b60cb85739,327,Yên Mỹ,Huyện Yên Mỹ,33,"Yên Mỹ, Hưng Yên","Huyện Yên Mỹ, Tỉnh Hưng Yên",yen-my,huyen
6580ea489fadc6b60cb8573a,328,Mỹ Hào,Thị xã Mỹ Hào,33,"Mỹ Hào, Hưng Yên","Thị xã Mỹ Hào, Tỉnh Hưng Yên",my-hao,thi-xa
6580ea489fadc6b60cb8573b,329,Ân Thi,Huyện Ân Thi,33,"Ân Thi, Hưng Yên","Huyện Ân Thi, Tỉnh Hưng Yên",an-thi,huyen
6580ea489fadc6b60cb8573c,330,Khoái Châu,Huyện Khoái Châu,33,"Khoái Châu, Hưng Yên","Huyện Khoái Châu, Tỉnh Hưng Yên",khoai-chau,huyen
6580ea489fadc6b60cb8573d,331,Kim Động,Huyện Kim Động,33,"Kim Động, Hưng Yên","Huyện Kim Động, Tỉnh Hưng Yên",kim-dong,huyen
6580ea489fadc6b60cb8573e,332,Tiên Lữ,Huyện Tiên Lữ,33,"Tiên Lữ, Hưng Yên","Huyện Tiên Lữ, Tỉnh Hưng Yên",tien-lu,huyen
6580ea489fadc6b60cb8573f,333,Phù Cừ,Huyện Phù Cừ,33,"Phù Cừ, Hưng Yên","Huyện Phù Cừ, Tỉnh Hưng Yên",phu-cu,huyen
6580ea489fadc6b60cb85740,336,Thái Bình,Thành phố Thái Bình,34,"Thái Bình, Thái Bình","Thành phố Thái Bình, Tỉnh Thái Bình",thai-binh,thanh-pho
6580ea489fadc6b60cb85741,338,Quỳnh Phụ,Huyện Quỳnh Phụ,34,"Quỳnh Phụ, Thái Bình","Huyện Quỳnh Phụ, Tỉnh Thái Bình",quynh-phu,huyen
6580ea489fadc6b60cb85742,339,Hưng Hà,Huyện Hưng Hà,34,"Hưng Hà, Thái Bình","Huyện Hưng Hà, Tỉnh Thái Bình",hung-ha,huyen
6580ea489fadc6b60cb85743,340,Đông Hưng,Huyện Đông Hưng,34,"Đông Hưng, Thái Bình","Huyện Đông Hưng, Tỉnh Thái Bình",dong-hung,huyen
6580ea489fadc6b60cb85744,341,Thái Thụy,Huyện Thái Thụy,34,"Thái Thụy, Thái Bình","Huyện Thái Thụy, Tỉnh Thái Bình",thai-thuy,huyen
6580ea489fadc6b60cb85745,342,Tiền Hải,Huyện Tiền Hải,34,"Tiền Hải, Thái Bình","Huyện Tiền Hải, Tỉnh Thái Bình",tien-hai,huyen
6580ea489fadc6b60cb85746,343,Kiến Xương,Huyện Kiến Xương,34,"Kiến Xương, Thái Bình","Huyện Kiến Xương, Tỉnh Thái Bình",kien-xuong,huyen
6580ea489fadc6b60cb85747,344,Vũ Thư,Huyện Vũ Thư,34,"Vũ Thư, Thái Bình","Huyện Vũ Thư, Tỉnh Thái Bình",vu-thu,huyen
6580ea489fadc6b60cb85748,347,Phủ Lý,Thành phố Phủ Lý,35,"Phủ Lý, Hà Nam","Thành phố Phủ Lý, Tỉnh Hà Nam",phu-ly,thanh-pho
6580ea489fadc6b60cb85749,349,Duy Tiên,Thị xã Duy Tiên,35,"Duy Tiên, Hà Nam","Thị xã Duy Tiên, Tỉnh Hà Nam",duy-tien,thi-xa
6580ea489fadc6b60cb8574a,350,Kim Bảng,Huyện Kim Bảng,35,"Kim Bảng, Hà Nam","Huyện Kim Bảng, Tỉnh Hà Nam",kim-bang,huyen
6580ea489fadc6b60cb8574b,351,Thanh Liêm,Huyện Thanh Liêm,35,"Thanh Liêm, Hà Nam","Huyện Thanh Liêm, Tỉnh Hà Nam",thanh-liem,huyen
6580ea489fadc6b60cb8574c,352,Bình Lục,Huyện Bình Lục,35,"Bình Lục, Hà Nam","Huyện Bình Lục, Tỉnh Hà Nam",binh-luc,huyen
6580ea489fadc6b60cb8574d,353,Lý Nhân,Huyện Lý Nhân,35,"Lý Nhân, Hà Nam","Huyện Lý Nhân, Tỉnh Hà Nam",ly-nhan,huyen
6580ea489fadc6b60cb8574e,356,Nam Định,Thành phố Nam Định,36,"Nam Định, Nam Định","Thành phố Nam Định, Tỉnh Nam Định",nam-dinh,thanh-pho
6580ea489fadc6b60cb8574f,358,Mỹ Lộc,Huyện Mỹ Lộc,36,"Mỹ Lộc, Nam Định","Huyện Mỹ Lộc, Tỉnh Nam Định",my-loc,huyen
6580ea489fadc6b60cb85750,359,Vụ Bản,Huyện Vụ Bản,36,"Vụ Bản, Nam Định","Huyện Vụ Bản, Tỉnh Nam Định",vu-ban,huyen
6580ea489fadc6b60cb85751,360,Ý Yên,Huyện Ý Yên,36,"Ý Yên, Nam Định","Huyện Ý Yên, Tỉnh Nam Định",y-yen,huyen
6580ea489fadc6b60cb85752,361,Nghĩa Hưng,Huyện Nghĩa Hưng,36,"Nghĩa Hưng, Nam Định","Huyện Nghĩa Hưng, Tỉnh Nam Định",nghia-hung,huyen
6580ea489fadc6b60cb85753,362,Nam Trực,Huyện Nam Trực,36,"Nam Trực, Nam Định","Huyện Nam Trực, Tỉnh Nam Định",nam-truc,huyen
6580ea489fadc6b60cb85754,363,Trực Ninh,Huyện Trực Ninh,36,"Trực Ninh, Nam Định","Huyện Trực Ninh, Tỉnh Nam Định",truc-ninh,huyen
6580ea489fadc6b60cb85755,364,Xuân Trường,Huyện Xuân Trường,36,"Xuân Trường, Nam Định","Huyện Xuân Trường, Tỉnh Nam Định",xuan-truong,huyen
6580ea489fadc6b60cb85756,365,Giao Thủy,Huyện Giao Thủy,36,"Giao Thủy, Nam Định","Huyện Giao Thủy, Tỉnh Nam Định",giao-thuy,huyen
6580ea489fadc6b60cb85757,366,Hải Hậu,Huyện Hải Hậu,36,"Hải Hậu, Nam Định","Huyện Hải Hậu, Tỉnh Nam Định",hai-hau,huyen
6580ea489fadc6b60cb85758,369,Ninh Bình,Thành phố Ninh Bình,37,"Ninh Bình, Ninh Bình","Thành phố Ninh Bình, Tỉnh Ninh Bình",ninh-binh,thanh-pho
6580ea489fadc6b60cb85759,370,Tam Điệp,Thành phố Tam Điệp,37,"Tam Điệp, Ninh Bình","Thành phố Tam Điệp, Tỉnh Ninh Bình",tam-diep,thanh-pho
6580ea489fadc6b60cb8575a,372,Nho Quan,Huyện Nho Quan,37,"Nho Quan, Ninh Bình","Huyện Nho Quan, Tỉnh Ninh Bình",nho-quan,huyen
6580ea489fadc6b60cb8575b,373,Gia Viễn,Huyện Gia Viễn,37,"Gia Viễn, Ninh Bình","Huyện Gia Viễn, Tỉnh Ninh Bình",gia-vien,huyen
6580ea489fadc6b60cb8575c,374,Hoa Lư,Huyện Hoa Lư,37,"Hoa Lư, Ninh Bình","Huyện Hoa Lư, Tỉnh Ninh Bình",hoa-lu,huyen
6580ea489fadc6b60cb8575d,375,Yên Khánh,Huyện Yên Khánh,37,"Yên Khánh, Ninh Bình","Huyện Yên Khánh, Tỉnh Ninh Bình",yen-khanh,huyen
6580ea489fadc6b60cb8575e,376,Kim Sơn,Huyện Kim Sơn,37,"Kim Sơn, Ninh Bình","Huyện Kim Sơn, Tỉnh Ninh Bình",kim-son,huyen
6580ea489fadc6b60cb8575f,377,Yên Mô,Huyện Yên Mô,37,"Yên Mô, Ninh Bình","Huyện Yên Mô, Tỉnh Ninh Bình",yen-mo,huyen
6580ea489fadc6b60cb85760,380,Thanh Hóa,Thành phố Thanh Hóa,38,"Thanh Hóa, Thanh Hóa","Thành phố Thanh Hóa, Tỉnh Thanh Hóa",thanh-hoa,thanh-pho
6580ea489fadc6b60cb85761,381,Bỉm Sơn,Thị xã Bỉm Sơn,38,"Bỉm Sơn, Thanh Hóa","Thị xã Bỉm Sơn, Tỉnh Thanh Hóa",bim-son,thi-xa
6580ea489fadc6b60cb85762,382,Sầm Sơn,Thành phố Sầm Sơn,38,"Sầm Sơn, Thanh Hóa","Thành phố Sầm Sơn, Tỉnh Thanh Hóa",sam-son,thanh-pho
6580ea489fadc6b60cb85763,384,Mường Lát,Huyện Mường Lát,38,"Mường Lát, Thanh Hóa","Huyện Mường Lát, Tỉnh Thanh Hóa",muong-lat,huyen
6580ea489fadc6b60cb85764,385,Quan Hóa,Huyện Quan Hóa,38,"Quan Hóa, Thanh Hóa","Huyện Quan Hóa, Tỉnh Thanh Hóa",quan-hoa,huyen
6580ea489fadc6b60cb85765,386,Bá Thước,Huyện Bá Thước,38,"Bá Thước, Thanh Hóa","Huyện Bá Thước, Tỉnh Thanh Hóa",ba-thuoc,huyen
6580ea489fadc6b60cb85766,387,Quan Sơn,Huyện Quan Sơn,38,"Quan Sơn, Thanh Hóa","Huyện Quan Sơn, Tỉnh Thanh Hóa",quan-son,huyen
6580ea489fadc6b60cb85767,388,Lang Chánh,Huyện Lang Chánh,38,"Lang Chánh, Thanh Hóa","Huyện Lang Chánh, Tỉnh Thanh Hóa",lang-chanh,huyen
6580ea489fadc6b60cb85768,389,Ngọc Lặc,Huyện Ngọc Lặc,38,"Ngọc Lặc, Thanh Hóa","Huyện Ngọc Lặc, Tỉnh Thanh Hóa",ngoc-lac,huyen
6580ea489fadc6b60cb85769,390,Cẩm Thủy,Huyện Cẩm Thủy,38,"Cẩm Thủy, Thanh Hóa","Huyện Cẩm Thủy, Tỉnh Thanh Hóa",cam-thuy,huyen
6580ea489fadc6b60cb8576a,391,Thạch Thành,Huyện Thạch Thành,38,"Thạch Thành, Thanh Hóa","Huyện Thạch Thành, Tỉnh Thanh Hóa",thach-thanh,huyen
6580ea489fadc6b60cb8576b,392,Hà Trung,Huyện Hà Trung,38,"Hà Trung, Thanh Hóa","Huyện Hà Trung, Tỉnh Thanh Hóa",ha-trung,huyen
6580ea489fadc6b60cb8576c,393,Vĩnh Lộc,Huyện Vĩnh Lộc,38,"Vĩnh Lộc, Thanh Hóa","Huyện Vĩnh Lộc, Tỉnh Thanh Hóa",vinh-loc,huyen
6580ea489fadc6b60cb8576d,394,Yên Định,Huyện Yên Định,38,"Yên Định, Thanh Hóa","Huyện Yên Định, Tỉnh Thanh Hóa",yen-dinh,huyen
6580ea489fadc6b60cb8576e,395,Thọ Xuân,Huyện Thọ Xuân,38,"Thọ Xuân, Thanh Hóa","Huyện Thọ Xuân, Tỉnh Thanh Hóa",tho-xuan,huyen
6580ea489fadc6b60cb8576f,396,Thường Xuân,Huyện Thường Xuân,38,"Thường Xuân, Thanh Hóa","Huyện Thường Xuân, Tỉnh Thanh Hóa",thuong-xuan,huyen
6580ea489fadc6b60cb85770,397,Triệu Sơn,Huyện Triệu Sơn,38,"Triệu Sơn, Thanh Hóa","Huyện Triệu Sơn, Tỉnh Thanh Hóa",trieu-son,huyen
6580ea489fadc6b60cb85771,398,Thiệu Hóa,Huyện Thiệu Hóa,38,"Thiệu Hóa, Thanh Hóa","Huyện Thiệu Hóa, Tỉnh Thanh Hóa",thieu-hoa,huyen
6580ea489fadc6b60cb85772,399,Hoằng Hóa,Huyện Hoằng Hóa,38,"Hoằng Hóa, Thanh Hóa","Huyện Hoằng Hóa, Tỉnh Thanh Hóa",hoang-hoa,huyen
6580ea489fadc6b60cb85773,400,Hậu Lộc,Huyện Hậu Lộc,38,"Hậu Lộc, Thanh Hóa","Huyện Hậu Lộc, Tỉnh Thanh Hóa",hau-loc,huyen
6580ea489fadc6b60cb85774,401,Nga Sơn,Huyện Nga Sơn,38,"Nga Sơn, Thanh Hóa","Huyện Nga Sơn, Tỉnh Thanh Hóa",nga-son,huyen
6580ea489fadc6b60cb85775,402,Như Xuân,Huyện Như Xuân,38,"Như Xuân, Thanh Hóa","Huyện Như Xuân, Tỉnh Thanh Hóa",nhu-xuan,huyen
6580ea489fadc6b60cb85776,403,Như Thanh,Huyện Như Thanh,38,"Như Thanh, Thanh Hóa","Huyện Như Thanh, Tỉnh Thanh Hóa",nhu-thanh,huyen
6580ea489fadc6b60cb85777,404,Nông Cống,Huyện Nông Cống,38,"Nông Cống, Thanh Hóa","Huyện Nông Cống, Tỉnh Thanh Hóa",nong-cong,huyen
6580ea489fadc6b60cb85778,405,Đông Sơn,Huyện Đông Sơn,38,"Đông Sơn, Thanh Hóa","Huyện Đông Sơn, Tỉnh Thanh Hóa",dong-son,huyen
6580ea489fadc6b60cb85779,406,Quảng Xương,Huyện Quảng Xương,38,"Quảng Xương, Thanh Hóa","Huyện Quảng Xương, Tỉnh Thanh Hóa",quang-xuong,huyen
6580ea489fadc6b60cb8577a,407,Nghi Sơn,Thị xã Nghi Sơn,38,"Nghi Sơn, Thanh Hóa","Thị xã Nghi Sơn, Tỉnh Thanh Hóa",nghi-son,thi-xa
6580ea489fadc6b60cb8577b,412,Vinh,Thành phố Vinh,40,"Vinh, Nghệ An","Thành phố Vinh, Tỉnh Nghệ An",vinh,thanh-pho
6580ea489fadc6b60cb8577c,413,Cửa Lò,Thị xã Cửa Lò,40,"Cửa Lò, Nghệ An","Thị xã Cửa Lò, Tỉnh Nghệ An",cua-lo,thi-xa
6580ea489fadc6b60cb8577d,414,Thái Hoà,Thị xã Thái Hoà,40,"Thái Hoà, Nghệ An","Thị xã Thái Hoà, Tỉnh Nghệ An",thai-hoa,thi-xa
6580ea489fadc6b60cb8577e,415,Quế Phong,Huyện Quế Phong,40,"Quế Phong, Nghệ An","Huyện Quế Phong, Tỉnh Nghệ An",que-phong,huyen
6580ea489fadc6b60cb8577f,416,Quỳ Châu,Huyện Quỳ Châu,40,"Quỳ Châu, Nghệ An","Huyện Quỳ Châu, Tỉnh Nghệ An",quy-chau,huyen
6580ea489fadc6b60cb85780,417,Kỳ Sơn,Huyện Kỳ Sơn,40,"Kỳ Sơn, Nghệ An","Huyện Kỳ Sơn, Tỉnh Nghệ An",ky-son,huyen
6580ea489fadc6b60cb85781,418,Tương Dương,Huyện Tương Dương,40,"Tương Dương, Nghệ An","Huyện Tương Dương, Tỉnh Nghệ An",tuong-duong,huyen
6580ea489fadc6b60cb85782,419,Nghĩa Đàn,Huyện Nghĩa Đàn,40,"Nghĩa Đàn, Nghệ An","Huyện Nghĩa Đàn, Tỉnh Nghệ An",nghia-dan,huyen
6580ea489fadc6b60cb85783,420,Quỳ Hợp,Huyện Quỳ Hợp,40,"Quỳ Hợp, Nghệ An","Huyện Quỳ Hợp, Tỉnh Nghệ An",quy-hop,huyen
6580ea489fadc6b60cb85784,421,Quỳnh Lưu,Huyện Quỳnh Lưu,40,"Quỳnh Lưu, Nghệ An","Huyện Quỳnh Lưu, Tỉnh Nghệ An",quynh-luu,huyen
6580ea489fadc6b60cb85785,422,Con Cuông,Huyện Con Cuông,40,"Con Cuông, Nghệ An","Huyện Con Cuông, Tỉnh Nghệ An",con-cuong,huyen
6580ea489fadc6b60cb85786,423,Tân Kỳ,Huyện Tân Kỳ,40,"Tân Kỳ, Nghệ An","Huyện Tân Kỳ, Tỉnh Nghệ An",tan-ky,huyen
6580ea489fadc6b60cb85787,424,Anh Sơn,Huyện Anh Sơn,40,"Anh Sơn, Nghệ An","Huyện Anh Sơn, Tỉnh Nghệ An",anh-son,huyen
6580ea489fadc6b60cb85788,425,Diễn Châu,Huyện Diễn Châu,40,"Diễn Châu, Nghệ An","Huyện Diễn Châu, Tỉnh Nghệ An",dien-chau,huyen
6580ea489fadc6b60cb85789,426,Yên Thành,Huyện Yên Thành,40,"Yên Thành, Nghệ An","Huyện Yên Thành, Tỉnh Nghệ An",yen-thanh,huyen
6580ea489fadc6b60cb8578a,427,Đô Lương,Huyện Đô Lương,40,"Đô Lương, Nghệ An","Huyện Đô Lương, Tỉnh Nghệ An",do-luong,huyen
6580ea489fadc6b60cb8578b,428,Thanh Chương,Huyện Thanh Chương,40,"Thanh Chương, Nghệ An","Huyện Thanh Chương, Tỉnh Nghệ An",thanh-chuong,huyen
6580ea489fadc6b60cb8578c,429,Nghi Lộc,Huyện Nghi Lộc,40,"Nghi Lộc, Nghệ An","Huyện Nghi Lộc, Tỉnh Nghệ An",nghi-loc,huyen
6580ea489fadc6b60cb8578d,430,Nam Đàn,Huyện Nam Đàn,40,"Nam Đàn, Nghệ An","Huyện Nam Đàn, Tỉnh Nghệ An",nam-dan,huyen
6580ea489fadc6b60cb8578e,431,Hưng Nguyên,Huyện Hưng Nguyên,40,"Hưng Nguyên, Nghệ An","Huyện Hưng Nguyên, Tỉnh Nghệ An",hung-nguyen,huyen
6580ea489fadc6b60cb85790,436,Hà Tĩnh,Thành phố Hà Tĩnh,42,"Hà Tĩnh, Hà Tĩnh","Thành phố Hà Tĩnh, Tỉnh Hà Tĩnh",ha-tinh,thanh-pho
6580ea489fadc6b60cb85791,437,Hồng Lĩnh,Thị xã Hồng Lĩnh,42,"Hồng Lĩnh, Hà Tĩnh","Thị xã Hồng Lĩnh, Tỉnh Hà Tĩnh",hong-linh,thi-xa
6580ea489fadc6b60cb85792,439,Hương Sơn,Huyện Hương Sơn,42,"Hương Sơn, Hà Tĩnh","Huyện Hương Sơn, Tỉnh Hà Tĩnh",huong-son,huyen
6580ea489fadc6b60cb85793,440,Đức Thọ,Huyện Đức Thọ,42,"Đức Thọ, Hà Tĩnh","Huyện Đức Thọ, Tỉnh Hà Tĩnh",duc-tho,huyen
6580ea489fadc6b60cb85794,441,Vũ Quang,Huyện Vũ Quang,42,"Vũ Quang, Hà Tĩnh","Huyện Vũ Quang, Tỉnh Hà Tĩnh",vu-quang,huyen
6580ea489fadc6b60cb85795,442,Nghi Xuân,Huyện Nghi Xuân,42,"Nghi Xuân, Hà Tĩnh","Huyện Nghi Xuân, Tỉnh Hà Tĩnh",nghi-xuan,huyen
6580ea489fadc6b60cb85796,443,Can Lộc,Huyện Can Lộc,42,"Can Lộc, Hà Tĩnh","Huyện Can Lộc, Tỉnh Hà Tĩnh",can-loc,huyen
6580ea489fadc6b60cb85797,444,Hương Khê,Huyện Hương Khê,42,"Hương Khê, Hà Tĩnh","Huyện Hương Khê, Tỉnh Hà Tĩnh",huong-khe,huyen
6580ea489fadc6b60cb85798,445,Thạch Hà,Huyện Thạch Hà,42,"Thạch Hà, Hà Tĩnh","Huyện Thạch Hà, Tỉnh Hà Tĩnh",thach-ha,huyen
6580ea489fadc6b60cb85799,446,Cẩm Xuyên,Huyện Cẩm Xuyên,42,"Cẩm Xuyên, Hà Tĩnh","Huyện Cẩm Xuyên, Tỉnh Hà Tĩnh",cam-xuyen,huyen
6580ea489fadc6b60cb8579a,447,Kỳ Anh,Huyện Kỳ Anh,42,"Kỳ Anh, Hà Tĩnh","Huyện Kỳ Anh, Tỉnh Hà Tĩnh",ky-anh,huyen
6580ea489fadc6b60cb8579b,448,Lộc Hà,Huyện Lộc Hà,42,"Lộc Hà, Hà Tĩnh","Huyện Lộc Hà, Tỉnh Hà Tĩnh",loc-ha,huyen
6580ea489fadc6b60cb8579d,450,Đồng Hới,Thành Phố Đồng Hới,44,"Đồng Hới, Quảng Bình","Thành Phố Đồng Hới, Tỉnh Quảng Bình",dong-hoi,thanh-pho
6580ea489fadc6b60cb8579e,452,Minh Hóa,Huyện Minh Hóa,44,"Minh Hóa, Quảng Bình","Huyện Minh Hóa, Tỉnh Quảng Bình",minh-hoa,huyen
6580ea489fadc6b60cb8579f,453,Tuyên Hóa,Huyện Tuyên Hóa,44,"Tuyên Hóa, Quảng Bình","Huyện Tuyên Hóa, Tỉnh Quảng Bình",tuyen-hoa,huyen
6580ea489fadc6b60cb857a0,454,Quảng Trạch,Huyện Quảng Trạch,44,"Quảng Trạch, Quảng Bình","Huyện Quảng Trạch, Tỉnh Quảng Bình",quang-trach,huyen
6580ea489fadc6b60cb857a1,455,Bố Trạch,Huyện Bố Trạch,44,"Bố Trạch, Quảng Bình","Huyện Bố Trạch, Tỉnh Quảng Bình",bo-trach,huyen
6580ea489fadc6b60cb857a2,456,Quảng Ninh,Huyện Quảng Ninh,44,"Quảng Ninh, Quảng Bình","Huyện Quảng Ninh, Tỉnh Quảng Bình",quang-ninh,huyen
6580ea489fadc6b60cb857a3,457,Lệ Thủy,Huyện Lệ Thủy,44,"Lệ Thủy, Quảng Bình","Huyện Lệ Thủy, Tỉnh Quảng Bình",le-thuy,huyen
6580ea489fadc6b60cb857a4,458,Ba Đồn,Thị xã Ba Đồn,44,"Ba Đồn, Quảng Bình","Thị xã Ba Đồn, Tỉnh Quảng Bình",ba-don,thi-xa
6580ea489fadc6b60cb857a5,461,Đông Hà,Thành phố Đông Hà,45,"Đông Hà, Quảng Trị","Thành phố Đông Hà, Tỉnh Quảng Trị",dong-ha,thanh-pho
6580ea489fadc6b60cb857a6,462,Quảng Trị,Thị xã Quảng Trị,45,"Quảng Trị, Quảng Trị","Thị xã Quảng Trị, Tỉnh Quảng Trị",quang-tri,thi-xa
6580ea489fadc6b60cb857a7,464,Vĩnh Linh,Huyện Vĩnh Linh,45,"Vĩnh Linh, Quảng Trị","Huyện Vĩnh Linh, Tỉnh Quảng Trị",vinh-linh,huyen
6580ea489fadc6b60cb857a8,465,Hướng Hóa,Huyện Hướng Hóa,45,"Hướng Hóa, Quảng Trị","Huyện Hướng Hóa, Tỉnh Quảng Trị",huong-hoa,huyen
6580ea489fadc6b60cb857a9,466,Gio Linh,Huyện Gio Linh,45,"Gio Linh, Quảng Trị","Huyện Gio Linh, Tỉnh Quảng Trị",gio-linh,huyen
6580ea489fadc6b60cb857aa,467,Đa Krông,Huyện Đa Krông,45,"Đa Krông, Quảng Trị","Huyện Đa Krông, Tỉnh Quảng Trị",da-krong,huyen
6580ea489fadc6b60cb857ab,468,Cam Lộ,Huyện Cam Lộ,45,"Cam Lộ, Quảng Trị","Huyện Cam Lộ, Tỉnh Quảng Trị",cam-lo,huyen
6580ea489fadc6b60cb857ac,469,Triệu Phong,Huyện Triệu Phong,45,"Triệu Phong, Quảng Trị","Huyện Triệu Phong, Tỉnh Quảng Trị",trieu-phong,huyen
6580ea489fadc6b60cb857ad,470,Hải Lăng,Huyện Hải Lăng,45,"Hải Lăng, Quảng Trị","Huyện Hải Lăng, Tỉnh Quảng Trị",hai-lang,huyen
6580ea489fadc6b60cb857ae,471,Cồn Cỏ,Huyện Cồn Cỏ,45,"Cồn Cỏ, Quảng Trị","Huyện Cồn Cỏ, Tỉnh Quảng Trị",con-co,huyen
6580ea489fadc6b60cb857af,474,Huế,Thành phố Huế,46,"Huế, Thừa Thiên Huế","Thành phố Huế, Tỉnh Thừa Thiên Huế",hue,thanh-pho
6580ea489fadc6b60cb857b0,476,Phong Điền,Huyện Phong Điền,46,"Phong Điền, Thừa Thiên Huế","Huyện Phong Điền, Tỉnh Thừa Thiên Huế",phong-dien,huyen
6580ea489fadc6b60cb857b1,477,Quảng Điền,Huyện Quảng Điền,46,"Quảng Điền, Thừa Thiên Huế","Huyện Quảng Điền, Tỉnh Thừa Thiên Huế",quang-dien,huyen
6580ea489fadc6b60cb857b2,478,Phú Vang,Huyện Phú Vang,46,"Phú Vang, Thừa Thiên Huế","Huyện Phú Vang, Tỉnh Thừa Thiên Huế",phu-vang,huyen
6580ea489fadc6b60cb857b3,479,Hương Thủy,Thị xã Hương Thủy,46,"Hương Thủy, Thừa Thiên Huế","Thị xã Hương Thủy, Tỉnh Thừa Thiên Huế",huong-thuy,thi-xa
6580ea489fadc6b60cb857b4,480,Hương Trà,Thị xã Hương Trà,46,"Hương Trà, Thừa Thiên Huế","Thị xã Hương Trà, Tỉnh Thừa Thiên Huế",huong-tra,thi-xa
6580ea489fadc6b60cb857b5,481,A Lưới,Huyện A Lưới,46,"A Lưới, Thừa Thiên Huế","Huyện A Lưới, Tỉnh Thừa Thiên Huế",a-luoi,huyen
6580ea489fadc6b60cb857b6,482,Phú Lộc,Huyện Phú Lộc,46,"Phú Lộc, Thừa Thiên Huế","Huyện Phú Lộc, Tỉnh Thừa Thiên Huế",phu-loc,huyen
6580ea489fadc6b60cb857b7,483,Nam Đông,Huyện Nam Đông,46,"Nam Đông, Thừa Thiên Huế","Huyện Nam Đông, Tỉnh Thừa Thiên Huế",nam-dong,huyen
6580ea489fadc6b60cb857b8,490,Liên Chiểu,Quận Liên Chiểu,48,"Liên Chiểu, Đà Nẵng","Quận Liên Chiểu, Thành phố Đà Nẵng",lien-chieu,quan
6580ea489fadc6b60cb857b9,491,Thanh Khê,Quận Thanh Khê,48,"Thanh Khê, Đà Nẵng","Quận Thanh Khê, Thành phố Đà Nẵng",thanh-khe,quan
6580ea489fadc6b60cb857ba,492,Hải Châu,Quận Hải Châu,48,"Hải Châu, Đà Nẵng","Quận Hải Châu, Thành phố Đà Nẵng",hai-chau,quan
6580ea489fadc6b60cb857bb,493,Sơn Trà,Quận Sơn Trà,48,"Sơn Trà, Đà Nẵng","Quận Sơn Trà, Thành phố Đà Nẵng",son-tra,quan
6580ea489fadc6b60cb857bc,494,Ngũ Hành Sơn,Quận Ngũ Hành Sơn,48,"Ngũ Hành Sơn, Đà Nẵng","Quận Ngũ Hành Sơn, Thành phố Đà Nẵng",ngu-hanh-son,quan
6580ea489fadc6b60cb857bd,495,Cẩm Lệ,Quận Cẩm Lệ,48,"Cẩm Lệ, Đà Nẵng","Quận Cẩm Lệ, Thành phố Đà Nẵng",cam-le,quan
6580ea489fadc6b60cb857be,497,Hòa Vang,Huyện Hòa Vang,48,"Hòa Vang, Đà Nẵng","Huyện Hòa Vang, Thành phố Đà Nẵng",hoa-vang,huyen
6580ea489fadc6b60cb857bf,498,Hoàng Sa,Huyện Hoàng Sa,48,"Hoàng Sa, Đà Nẵng","Huyện Hoàng Sa, Thành phố Đà Nẵng",hoang-sa,huyen
6580ea489fadc6b60cb857c0,502,Tam Kỳ,Thành phố Tam Kỳ,49,"Tam Kỳ, Quảng Nam","Thành phố Tam Kỳ, Tỉnh Quảng Nam",tam-ky,thanh-pho
6580ea489fadc6b60cb857c1,503,Hội An,Thành phố Hội An,49,"Hội An, Quảng Nam","Thành phố Hội An, Tỉnh Quảng Nam",hoi-an,thanh-pho
6580ea489fadc6b60cb857c2,504,Tây Giang,Huyện Tây Giang,49,"Tây Giang, Quảng Nam","Huyện Tây Giang, Tỉnh Quảng Nam",tay-giang,huyen
6580ea489fadc6b60cb857c3,505,Đông Giang,Huyện Đông Giang,49,"Đông Giang, Quảng Nam","Huyện Đông Giang, Tỉnh Quảng Nam",dong-giang,huyen
6580ea489fadc6b60cb857c4,506,Đại Lộc,Huyện Đại Lộc,49,"Đại Lộc, Quảng Nam","Huyện Đại Lộc, Tỉnh Quảng Nam",dai-loc,huyen
6580ea489fadc6b60cb857c5,507,Điện Bàn,Thị xã Điện Bàn,49,"Điện Bàn, Quảng Nam","Thị xã Điện Bàn, Tỉnh Quảng Nam",dien-ban,thi-xa
6580ea489fadc6b60cb857c6,508,Duy Xuyên,Huyện Duy Xuyên,49,"Duy Xuyên, Quảng Nam","Huyện Duy Xuyên, Tỉnh Quảng Nam",duy-xuyen,huyen
6580ea489fadc6b60cb857c7,509,Quế Sơn,Huyện Quế Sơn,49,"Quế Sơn, Quảng Nam","Huyện Quế Sơn, Tỉnh Quảng Nam",que-son,huyen
6580ea489fadc6b60cb857c8,510,Nam Giang,Huyện Nam Giang,49,"Nam Giang, Quảng Nam","Huyện Nam Giang, Tỉnh Quảng Nam",nam-giang,huyen
6580ea489fadc6b60cb857c9,511,Phước Sơn,Huyện Phước Sơn,49,"Phước Sơn, Quảng Nam","Huyện Phước Sơn, Tỉnh Quảng Nam",phuoc-son,huyen
6580ea489fadc6b60cb857ca,512,Hiệp Đức,Huyện Hiệp Đức,49,"Hiệp Đức, Quảng Nam","Huyện Hiệp Đức, Tỉnh Quảng Nam",hiep-duc,huyen
6580ea489fadc6b60cb857cb,513,Thăng Bình,Huyện Thăng Bình,49,"Thăng Bình, Quảng Nam","Huyện Thăng Bình, Tỉnh Quảng Nam",thang-binh,huyen
6580ea489fadc6b60cb857cc,514,Tiên Phước,Huyện Tiên Phước,49,"Tiên Phước, Quảng Nam","Huyện Tiên Phước, Tỉnh Quảng Nam",tien-phuoc,huyen
6580ea489fadc6b60cb857cd,515,Bắc Trà My,Huyện Bắc Trà My,49,"Bắc Trà My, Quảng Nam","Huyện Bắc Trà My, Tỉnh Quảng Nam",bac-tra-my,huyen
6580ea489fadc6b60cb857ce,516,Nam Trà My,Huyện Nam Trà My,49,"Nam Trà My, Quảng Nam","Huyện Nam Trà My, Tỉnh Quảng Nam",nam-tra-my,huyen
6580ea489fadc6b60cb857cf,517,Núi Thành,Huyện Núi Thành,49,"Núi Thành, Quảng Nam","Huyện Núi Thành, Tỉnh Quảng Nam",nui-thanh,huyen
6580ea489fadc6b60cb857d1,519,Nông Sơn,Huyện Nông Sơn,49,"Nông Sơn, Quảng Nam","Huyện Nông Sơn, Tỉnh Quảng Nam",nong-son,huyen
6580ea489fadc6b60cb857d2,522,Quảng Ngãi,Thành phố Quảng Ngãi,51,"Quảng Ngãi, Quảng Ngãi","Thành phố Quảng Ngãi, Tỉnh Quảng Ngãi",quang-ngai,thanh-pho
6580ea489fadc6b60cb857d3,524,Bình Sơn,Huyện Bình Sơn,51,"Bình Sơn, Quảng Ngãi","Huyện Bình Sơn, Tỉnh Quảng Ngãi",binh-son,huyen
6580ea489fadc6b60cb857d4,525,Trà Bồng,Huyện Trà Bồng,51,"Trà Bồng, Quảng Ngãi","Huyện Trà Bồng, Tỉnh Quảng Ngãi",tra-bong,huyen
6580ea489fadc6b60cb857d5,527,Sơn Tịnh,Huyện Sơn Tịnh,51,"Sơn Tịnh, Quảng Ngãi","Huyện Sơn Tịnh, Tỉnh Quảng Ngãi",son-tinh,huyen
6580ea489fadc6b60cb857d6,528,Tư Nghĩa,Huyện Tư Nghĩa,51,"Tư Nghĩa, Quảng Ngãi","Huyện Tư Nghĩa, Tỉnh Quảng Ngãi",tu-nghia,huyen
6580ea489fadc6b60cb857d7,529,Sơn Hà,Huyện Sơn Hà,51,"Sơn Hà, Quảng Ngãi","Huyện Sơn Hà, Tỉnh Quảng Ngãi",son-ha,huyen
6580ea489fadc6b60cb857d9,531,Minh Long,Huyện Minh Long,51,"Minh Long, Quảng Ngãi","Huyện Minh Long, Tỉnh Quảng Ngãi",minh-long,huyen
6580ea489fadc6b60cb857da,532,Nghĩa Hành,Huyện Nghĩa Hành,51,"Nghĩa Hành, Quảng Ngãi","Huyện Nghĩa Hành, Tỉnh Quảng Ngãi",nghia-hanh,huyen
6580ea489fadc6b60cb857db,533,Mộ Đức,Huyện Mộ Đức,51,"Mộ Đức, Quảng Ngãi","Huyện Mộ Đức, Tỉnh Quảng Ngãi",mo-duc,huyen
6580ea489fadc6b60cb857dc,534,Đức Phổ,Thị xã Đức Phổ,51,"Đức Phổ, Quảng Ngãi","Thị xã Đức Phổ, Tỉnh Quảng Ngãi",duc-pho,thi-xa
6580ea489fadc6b60cb857dd,535,Ba Tơ,Huyện Ba Tơ,51,"Ba Tơ, Quảng Ngãi","Huyện Ba Tơ, Tỉnh Quảng Ngãi",ba-to,huyen
6580ea489fadc6b60cb857de,536,Lý Sơn,Huyện Lý Sơn,51,"Lý Sơn, Quảng Ngãi","Huyện Lý Sơn, Tỉnh Quảng Ngãi",ly-son,huyen
6580ea489fadc6b60cb857df,540,Quy Nhơn,Thành phố Quy Nhơn,52,"Quy Nhơn, Bình Định","Thành phố Quy Nhơn, Tỉnh Bình Định",quy-nhon,thanh-pho
6580ea489fadc6b60cb857e1,543,Hoài Nhơn,Thị xã Hoài Nhơn,52,"Hoài Nhơn, Bình Định","Thị xã Hoài Nhơn, Tỉnh Bình Định",hoai-nhon,thi-xa
6580ea489fadc6b60cb857e2,544,Hoài Ân,Huyện Hoài Ân,52,"Hoài Ân, Bình Định","Huyện Hoài Ân, Tỉnh Bình Định",hoai-an,huyen
6580ea489fadc6b60cb857e3,545,Phù Mỹ,Huyện Phù Mỹ,52,"Phù Mỹ, Bình Định","Huyện Phù Mỹ, Tỉnh Bình Định",phu-my,huyen
6580ea489fadc6b60cb857e4,546,Vĩnh Thạnh,Huyện Vĩnh Thạnh,52,"Vĩnh Thạnh, Bình Định","Huyện Vĩnh Thạnh, Tỉnh Bình Định",vinh-thanh,huyen
6580ea489fadc6b60cb857e5,547,Tây Sơn,Huyện Tây Sơn,52,"Tây Sơn, Bình Định","Huyện Tây Sơn, Tỉnh Bình Định",tay-son,huyen
6580ea489fadc6b60cb857e6,548,Phù Cát,Huyện Phù Cát,52,"Phù Cát, Bình Định","Huyện Phù Cát, Tỉnh Bình Định",phu-cat,huyen
6580ea489fadc6b60cb857e7,549,An Nhơn,Thị xã An Nhơn,52,"An Nhơn, Bình Định","Thị xã An Nhơn, Tỉnh Bình Định",an-nhon,thi-xa
6580ea489fadc6b60cb857e8,550,Tuy Phước,Huyện Tuy Phước,52,"Tuy Phước, Bình Định","Huyện Tuy Phước, Tỉnh Bình Định",tuy-phuoc,huyen
6580ea489fadc6b60cb857e9,551,Vân Canh,Huyện Vân Canh,52,"Vân Canh, Bình Định","Huyện Vân Canh, Tỉnh Bình Định",van-canh,huyen
6580ea489fadc6b60cb857ea,555,Tuy Hoà,Thành phố Tuy Hoà,54,"Tuy Hoà, Phú Yên","Thành phố Tuy Hoà, Tỉnh Phú Yên",tuy-hoa,thanh-pho
6580ea489fadc6b60cb857eb,557,Sông Cầu,Thị xã Sông Cầu,54,"Sông Cầu, Phú Yên","Thị xã Sông Cầu, Tỉnh Phú Yên",song-cau,thi-xa
6580ea489fadc6b60cb857ec,558,Đồng Xuân,Huyện Đồng Xuân,54,"Đồng Xuân, Phú Yên","Huyện Đồng Xuân, Tỉnh Phú Yên",dong-xuan,huyen
6580ea489fadc6b60cb857ed,559,Tuy An,Huyện Tuy An,54,"Tuy An, Phú Yên","Huyện Tuy An, Tỉnh Phú Yên",tuy-an,huyen
6580ea489fadc6b60cb857ee,560,Sơn Hòa,Huyện Sơn Hòa,54,"Sơn Hòa, Phú Yên","Huyện Sơn Hòa, Tỉnh Phú Yên",son-hoa,huyen
6580ea489fadc6b60cb857ef,561,Sông Hinh,Huyện Sông Hinh,54,"Sông Hinh, Phú Yên","Huyện Sông Hinh, Tỉnh Phú Yên",song-hinh,huyen
6580ea489fadc6b60cb857f0,562,Tây Hoà,Huyện Tây Hoà,54,"Tây Hoà, Phú Yên","Huyện Tây Hoà, Tỉnh Phú Yên",tay-hoa,huyen
6580ea489fadc6b60cb857f1,563,Phú Hoà,Huyện Phú Hoà,54,"Phú Hoà, Phú Yên","Huyện Phú Hoà, Tỉnh Phú Yên",phu-hoa,huyen
6580ea489fadc6b60cb857f2,564,Đông Hòa,Thị xã Đông Hòa,54,"Đông Hòa, Phú Yên","Thị xã Đông Hòa, Tỉnh Phú Yên",dong-hoa,thi-xa
6580ea489fadc6b60cb857f3,568,Nha Trang,Thành phố Nha Trang,56,"Nha Trang, Khánh Hòa","Thành phố Nha Trang, Tỉnh Khánh Hòa",nha-trang,thanh-pho
6580ea489fadc6b60cb857f4,569,Cam Ranh,Thành phố Cam Ranh,56,"Cam Ranh, Khánh Hòa","Thành phố Cam Ranh, Tỉnh Khánh Hòa",cam-ranh,thanh-pho
6580ea489fadc6b60cb857f5,570,Cam Lâm,Huyện Cam Lâm,56,"Cam Lâm, Khánh Hòa","Huyện Cam Lâm, Tỉnh Khánh Hòa",cam-lam,huyen
6580ea489fadc6b60cb857f6,571,Vạn Ninh,Huyện Vạn Ninh,56,"Vạn Ninh, Khánh Hòa","Huyện Vạn Ninh, Tỉnh Khánh Hòa",van-ninh,huyen
6580ea489fadc6b60cb857f7,572,Ninh Hòa,Thị xã Ninh Hòa,56,"Ninh Hòa, Khánh Hòa","Thị xã Ninh Hòa, Tỉnh Khánh Hòa",ninh-hoa,thi-xa
6580ea489fadc6b60cb857f8,573,Khánh Vĩnh,Huyện Khánh Vĩnh,56,"Khánh Vĩnh, Khánh Hòa","Huyện Khánh Vĩnh, Tỉnh Khánh Hòa",khanh-vinh,huyen
6580ea489fadc6b60cb857f9,574,Diên Khánh,Huyện Diên Khánh,56,"Diên Khánh, Khánh Hòa","Huyện Diên Khánh, Tỉnh Khánh Hòa",dien-khanh,huyen
6580ea489fadc6b60cb857fa,575,Khánh Sơn,Huyện Khánh Sơn,56,"Khánh Sơn, Khánh Hòa","Huyện Khánh Sơn, Tỉnh Khánh Hòa",khanh-son,huyen
6580ea489fadc6b60cb857fb,576,Trường Sa,Huyện Trường Sa,56,"Trường Sa, Khánh Hòa","Huyện Trường Sa, Tỉnh Khánh Hòa",truong-sa,huyen
6580ea489fadc6b60cb857fc,582,Phan Rang-Tháp Chàm,Thành phố Phan Rang-Tháp Chàm,58,"Phan Rang-Tháp Chàm, Ninh Thuận","Thành phố Phan Rang-Tháp Chàm, Tỉnh Ninh Thuận",phan-rang-thap-cham,thanh-pho
6580ea489fadc6b60cb857fd,584,Bác Ái,Huyện Bác Ái,58,"Bác Ái, Ninh Thuận","Huyện Bác Ái, Tỉnh Ninh Thuận",bac-ai,huyen
6580ea489fadc6b60cb857fe,585,Ninh Sơn,Huyện Ninh Sơn,58,"Ninh Sơn, Ninh Thuận","Huyện Ninh Sơn, Tỉnh Ninh Thuận",ninh-son,huyen
6580ea489fadc6b60cb857ff,586,Ninh Hải,Huyện Ninh Hải,58,"Ninh Hải, Ninh Thuận","Huyện Ninh Hải, Tỉnh Ninh Thuận",ninh-hai,huyen
6580ea489fadc6b60cb85800,587,Ninh Phước,Huyện Ninh Phước,58,"Ninh Phước, Ninh Thuận","Huyện Ninh Phước, Tỉnh Ninh Thuận",ninh-phuoc,huyen
6580ea489fadc6b60cb85801,588,Thuận Bắc,Huyện Thuận Bắc,58,"Thuận Bắc, Ninh Thuận","Huyện Thuận Bắc, Tỉnh Ninh Thuận",thuan-bac,huyen
6580ea489fadc6b60cb85802,589,Thuận Nam,Huyện Thuận Nam,58,"Thuận Nam, Ninh Thuận","Huyện Thuận Nam, Tỉnh Ninh Thuận",thuan-nam,huyen
6580ea489fadc6b60cb85803,593,Phan Thiết,Thành phố Phan Thiết,60,"Phan Thiết, Bình Thuận","Thành phố Phan Thiết, Tỉnh Bình Thuận",phan-thiet,thanh-pho
6580ea489fadc6b60cb85804,594,La Gi,Thị xã La Gi,60,"La Gi, Bình Thuận","Thị xã La Gi, Tỉnh Bình Thuận",la-gi,thi-xa
6580ea489fadc6b60cb85805,595,Tuy Phong,Huyện Tuy Phong,60,"Tuy Phong, Bình Thuận","Huyện Tuy Phong, Tỉnh Bình Thuận",tuy-phong,huyen
6580ea489fadc6b60cb85806,596,Bắc Bình,Huyện Bắc Bình,60,"Bắc Bình, Bình Thuận","Huyện Bắc Bình, Tỉnh Bình Thuận",bac-binh,huyen
6580ea489fadc6b60cb85807,597,Hàm Thuận Bắc,Huyện Hàm Thuận Bắc,60,"Hàm Thuận Bắc, Bình Thuận","Huyện Hàm Thuận Bắc, Tỉnh Bình Thuận",ham-thuan-bac,huyen
6580ea489fadc6b60cb85808,598,Hàm Thuận Nam,Huyện Hàm Thuận Nam,60,"Hàm Thuận Nam, Bình Thuận","Huyện Hàm Thuận Nam, Tỉnh Bình Thuận",ham-thuan-nam,huyen
6580ea489fadc6b60cb85809,599,Tánh Linh,Huyện Tánh Linh,60,"Tánh Linh, Bình Thuận","Huyện Tánh Linh, Tỉnh Bình Thuận",tanh-linh,huyen
6580ea489fadc6b60cb8580a,600,Đức Linh,Huyện Đức Linh,60,"Đức Linh, Bình Thuận","Huyện Đức Linh, Tỉnh Bình Thuận",duc-linh,huyen
6580ea489fadc6b60cb8580b,601,Hàm Tân,Huyện Hàm Tân,60,"Hàm Tân, Bình Thuận","Huyện Hàm Tân, Tỉnh Bình Thuận",ham-tan,huyen
6580ea489fadc6b60cb8580c,602,Phú Quí,Huyện Phú Quí,60,"Phú Quí, Bình Thuận","Huyện Phú Quí, Tỉnh Bình Thuận",phu-qui,huyen
6580ea489fadc6b60cb8580d,608,Kon Tum,Thành phố Kon Tum,62,"Kon Tum, Kon Tum","Thành phố Kon Tum, Tỉnh Kon Tum",kon-tum,thanh-pho
6580ea489fadc6b60cb8580e,610,Đắk Glei,Huyện Đắk Glei,62,"Đắk Glei, Kon Tum","Huyện Đắk Glei, Tỉnh Kon Tum",dak-glei,huyen
6580ea489fadc6b60cb8580f,611,Ngọc Hồi,Huyện Ngọc Hồi,62,"Ngọc Hồi, Kon Tum","Huyện Ngọc Hồi, Tỉnh Kon Tum",ngoc-hoi,huyen
6580ea489fadc6b60cb85810,612,Đắk Tô,Huyện Đắk Tô,62,"Đắk Tô, Kon Tum","Huyện Đắk Tô, Tỉnh Kon Tum",dak-to,huyen
6580ea489fadc6b60cb85811,613,Kon Plông,Huyện Kon Plông,62,"Kon Plông, Kon Tum","Huyện Kon Plông, Tỉnh Kon Tum",kon-plong,huyen
6580ea489fadc6b60cb85812,614,Kon Rẫy,Huyện Kon Rẫy,62,"Kon Rẫy, Kon Tum","Huyện Kon Rẫy, Tỉnh Kon Tum",kon-ray,huyen
6580ea489fadc6b60cb85813,615,Đắk Hà,Huyện Đắk Hà,62,"Đắk Hà, Kon Tum","Huyện Đắk Hà, Tỉnh Kon Tum",dak-ha,huyen
6580ea489fadc6b60cb85814,616,Sa Thầy,Huyện Sa Thầy,62,"Sa Thầy, Kon Tum","Huyện Sa Thầy, Tỉnh Kon Tum",sa-thay,huyen
6580ea489fadc6b60cb85815,617,Tu Mơ Rông,Huyện Tu Mơ Rông,62,"Tu Mơ Rông, Kon Tum","Huyện Tu Mơ Rông, Tỉnh Kon Tum",tu-mo-rong,huyen
6580ea489fadc6b60cb85816,618,"Ia H' Drai","Huyện Ia H' Drai",62,"Ia H' Drai, Kon Tum","Huyện Ia H' Drai, Tỉnh Kon Tum",ia-h-drai,huyen
6580ea489fadc6b60cb85817,622,Pleiku,Thành phố Pleiku,64,"Pleiku, Gia Lai","Thành phố Pleiku, Tỉnh Gia Lai",pleiku,thanh-pho
6580ea489fadc6b60cb85818,623,An Khê,Thị xã An Khê,64,"An Khê, Gia Lai","Thị xã An Khê, Tỉnh Gia Lai",an-khe,thi-xa
6580ea489fadc6b60cb85819,624,Ayun Pa,Thị xã Ayun Pa,64,"Ayun Pa, Gia Lai","Thị xã Ayun Pa, Tỉnh Gia Lai",ayun-pa,thi-xa
6580ea489fadc6b60cb8581a,625,KBang,Huyện KBang,64,"KBang, Gia Lai","Huyện KBang, Tỉnh Gia Lai",kbang,huyen
6580ea489fadc6b60cb8581b,626,Đăk Đoa,Huyện Đăk Đoa,64,"Đăk Đoa, Gia Lai","Huyện Đăk Đoa, Tỉnh Gia Lai",dak-doa,huyen
6580ea489fadc6b60cb8581c,627,Chư Păh,Huyện Chư Păh,64,"Chư Păh, Gia Lai","Huyện Chư Păh, Tỉnh Gia Lai",chu-pah,huyen
6580ea489fadc6b60cb8581d,628,Ia Grai,Huyện Ia Grai,64,"Ia Grai, Gia Lai","Huyện Ia Grai, Tỉnh Gia Lai",ia-grai,huyen
6580ea489fadc6b60cb8581e,629,Mang Yang,Huyện Mang Yang,64,"Mang Yang, Gia Lai","Huyện Mang Yang, Tỉnh Gia Lai",mang-yang,huyen
6580ea489fadc6b60cb8581f,630,Kông Chro,Huyện Kông Chro,64,"Kông Chro, Gia Lai","Huyện Kông Chro, Tỉnh Gia Lai",kong-chro,huyen
6580ea489fadc6b60cb85820,631,Đức Cơ,Huyện Đức Cơ,64,"Đức Cơ, Gia Lai","Huyện Đức Cơ, Tỉnh Gia Lai",duc-co,huyen
6580ea489fadc6b60cb85821,632,Chư Prông,Huyện Chư Prông,64,"Chư Prông, Gia Lai","Huyện Chư Prông, Tỉnh Gia Lai",chu-prong,huyen
6580ea489fadc6b60cb85822,633,Chư Sê,Huyện Chư Sê,64,"Chư Sê, Gia Lai","Huyện Chư Sê, Tỉnh Gia Lai",chu-se,huyen
6580ea489fadc6b60cb85823,634,Đăk Pơ,Huyện Đăk Pơ,64,"Đăk Pơ, Gia Lai","Huyện Đăk Pơ, Tỉnh Gia Lai",dak-po,huyen
6580ea489fadc6b60cb85824,635,Ia Pa,Huyện Ia Pa,64,"Ia Pa, Gia Lai","Huyện Ia Pa, Tỉnh Gia Lai",ia-pa,huyen
6580ea489fadc6b60cb85825,637,Krông Pa,Huyện Krông Pa,64,"Krông Pa, Gia Lai","Huyện Krông Pa, Tỉnh Gia Lai",krong-pa,huyen
6580ea489fadc6b60cb85826,638,Phú Thiện,Huyện Phú Thiện,64,"Phú Thiện, Gia Lai","Huyện Phú Thiện, Tỉnh Gia Lai",phu-thien,huyen
6580ea489fadc6b60cb85827,639,Chư Pưh,Huyện Chư Pưh,64,"Chư Pưh, Gia Lai","Huyện Chư Pưh, Tỉnh Gia Lai",chu-puh,huyen
6580ea489fadc6b60cb85828,643,Buôn Ma Thuột,Thành phố Buôn Ma Thuột,66,"Buôn Ma Thuột, Đắk Lắk","Thành phố Buôn Ma Thuột, Tỉnh Đắk Lắk",buon-ma-thuot,thanh-pho
6580ea489fadc6b60cb85829,644,Buôn Hồ,Thị xã Buôn Hồ,66,"Buôn Hồ, Đắk Lắk","Thị xã Buôn Hồ, Tỉnh Đắk Lắk",buon-ho,thi-xa
6580ea489fadc6b60cb8582a,645,"Ea H'leo","Huyện Ea H'leo",66,"Ea H'leo, Đắk Lắk","Huyện Ea H'leo, Tỉnh Đắk Lắk",ea-h-leo,huyen
6580ea489fadc6b60cb8582b,646,Ea Súp,Huyện Ea Súp,66,"Ea Súp, Đắk Lắk","Huyện Ea Súp, Tỉnh Đắk Lắk",ea-sup,huyen
6580ea489fadc6b60cb8582c,647,Buôn Đôn,Huyện Buôn Đôn,66,"Buôn Đôn, Đắk Lắk","Huyện Buôn Đôn, Tỉnh Đắk Lắk",buon-don,huyen
6580ea489fadc6b60cb8582d,648,"Cư M'gar","Huyện Cư M'gar",66,"Cư M'gar, Đắk Lắk","Huyện Cư M'gar, Tỉnh Đắk Lắk",cu-m-gar,huyen
6580ea489fadc6b60cb8582e,649,Krông Búk,Huyện Krông Búk,66,"Krông Búk, Đắk Lắk","Huyện Krông Búk, Tỉnh Đắk Lắk",krong-buk,huyen
6580ea489fadc6b60cb8582f,650,Krông Năng,Huyện Krông Năng,66,"Krông Năng, Đắk Lắk","Huyện Krông Năng, Tỉnh Đắk Lắk",krong-nang,huyen
6580ea489fadc6b60cb85830,651,Ea Kar,Huyện Ea Kar,66,"Ea Kar, Đắk Lắk","Huyện Ea Kar, Tỉnh Đắk Lắk",ea-kar,huyen
6580ea489fadc6b60cb85831,652,"M'Đrắk","Huyện M'Đrắk",66,"M'Đrắk, Đắk Lắk","Huyện M'Đrắk, Tỉnh Đắk Lắk",m-drak,huyen
6580ea489fadc6b60cb85832,653,Krông Bông,Huyện Krông Bông,66,"Krông Bông, Đắk Lắk","Huyện Krông Bông, Tỉnh Đắk Lắk",krong-bong,huyen
6580ea489fadc6b60cb85833,654,Krông Pắc,Huyện Krông Pắc,66,"Krông Pắc, Đắk Lắk","Huyện Krông Pắc, Tỉnh Đắk Lắk",krong-pac,huyen
6580ea489fadc6b60cb85834,655,Krông A Na,Huyện Krông A Na,66,"Krông A Na, Đắk Lắk","Huyện Krông A Na, Tỉnh Đắk Lắk",krong-a-na,huyen
6580ea489fadc6b60cb85835,656,Lắk,Huyện Lắk,66,"Lắk, Đắk Lắk","Huyện Lắk, Tỉnh Đắk Lắk",lak,huyen
6580ea489fadc6b60cb85836,657,Cư Kuin,Huyện Cư Kuin,66,"Cư Kuin, Đắk Lắk","Huyện Cư Kuin, Tỉnh Đắk Lắk",cu-kuin,huyen
6580ea489fadc6b60cb85837,660,Gia Nghĩa,Thành phố Gia Nghĩa,67,"Gia Nghĩa, Đắk Nông","Thành phố Gia Nghĩa, Tỉnh Đắk Nông",gia-nghia,thanh-pho
6580ea489fadc6b60cb85838,661,Đăk Glong,Huyện Đăk Glong,67,"Đăk Glong, Đắk Nông","Huyện Đăk Glong, Tỉnh Đắk Nông",dak-glong,huyen
6580ea489fadc6b60cb85839,662,Cư Jút,Huyện Cư Jút,67,"Cư Jút, Đắk Nông","Huyện Cư Jút, Tỉnh Đắk Nông",cu-jut,huyen
6580ea489fadc6b60cb8583a,663,Đắk Mil,Huyện Đắk Mil,67,"Đắk Mil, Đắk Nông","Huyện Đắk Mil, Tỉnh Đắk Nông",dak-mil,huyen
6580ea489fadc6b60cb8583b,664,Krông Nô,Huyện Krông Nô,67,"Krông Nô, Đắk Nông","Huyện Krông Nô, Tỉnh Đắk Nông",krong-no,huyen
6580ea489fadc6b60cb8583c,665,Đắk Song,Huyện Đắk Song,67,"Đắk Song, Đắk Nông","Huyện Đắk Song, Tỉnh Đắk Nông",dak-song,huyen
6580ea489fadc6b60cb8583d,666,"Đắk R'Lấp","Huyện Đắk R'Lấp",67,"Đắk R'Lấp, Đắk Nông","Huyện Đắk R'Lấp, Tỉnh Đắk Nông",dak-r-lap,huyen
6580ea489fadc6b60cb8583e,667,Tuy Đức,Huyện Tuy Đức,67,"Tuy Đức, Đắk Nông","Huyện Tuy Đức, Tỉnh Đắk Nông",tuy-duc,huyen
6580ea489fadc6b60cb8583f,672,Đà Lạt,Thành phố Đà Lạt,68,"Đà Lạt, Lâm Đồng","Thành phố Đà Lạt, Tỉnh Lâm Đồng",da-lat,thanh-pho
6580ea489fadc6b60cb85840,673,Bảo Lộc,Thành phố Bảo Lộc,68,"Bảo Lộc, Lâm Đồng","Thành phố Bảo Lộc, Tỉnh Lâm Đồng",bao-loc,thanh-pho
6580ea489fadc6b60cb85841,674,Đam Rông,Huyện Đam Rông,68,"Đam Rông, Lâm Đồng","Huyện Đam Rông, Tỉnh Lâm Đồng",dam-rong,huyen
6580ea489fadc6b60cb85842,675,Lạc Dương,Huyện Lạc Dương,68,"Lạc Dương, Lâm Đồng","Huyện Lạc Dương, Tỉnh Lâm Đồng",lac-duong,huyen
6580ea489fadc6b60cb85843,676,Lâm Hà,Huyện Lâm Hà,68,"Lâm Hà, Lâm Đồng","Huyện Lâm Hà, Tỉnh Lâm Đồng",lam-ha,huyen
6580ea489fadc6b60cb85844,677,Đơn Dương,Huyện Đơn Dương,68,"Đơn Dương, Lâm Đồng","Huyện Đơn Dương, Tỉnh Lâm Đồng",don-duong,huyen
6580ea489fadc6b60cb85845,678,Đức Trọng,Huyện Đức Trọng,68,"Đức Trọng, Lâm Đồng","Huyện Đức Trọng, Tỉnh Lâm Đồng",duc-trong,huyen
6580ea489fadc6b60cb85846,679,Di Linh,Huyện Di Linh,68,"Di Linh, Lâm Đồng","Huyện Di Linh, Tỉnh Lâm Đồng",di-linh,huyen
6580ea489fadc6b60cb85848,681,Đạ Huoai,Huyện Đạ Huoai,68,"Đạ Huoai, Lâm Đồng","Huyện Đạ Huoai, Tỉnh Lâm Đồng",da-huoai,huyen
6580ea489fadc6b60cb85849,682,Đạ Tẻh,Huyện Đạ Tẻh,68,"Đạ Tẻh, Lâm Đồng","Huyện Đạ Tẻh, Tỉnh Lâm Đồng",da-teh,huyen
6580ea489fadc6b60cb8584a,683,Cát Tiên,Huyện Cát Tiên,68,"Cát Tiên, Lâm Đồng","Huyện Cát Tiên, Tỉnh Lâm Đồng",cat-tien,huyen
6580ea489fadc6b60cb8584b,688,Phước Long,Thị xã Phước Long,70,"Phước Long, Bình Phước","Thị xã Phước Long, Tỉnh Bình Phước",phuoc-long,thi-xa
6580ea489fadc6b60cb8584c,689,Đồng Xoài,Thành phố Đồng Xoài,70,"Đồng Xoài, Bình Phước","Thành phố Đồng Xoài, Tỉnh Bình Phước",dong-xoai,thanh-pho
6580ea489fadc6b60cb8584d,690,Bình Long,Thị xã Bình Long,70,"Bình Long, Bình Phước","Thị xã Bình Long, Tỉnh Bình Phước",binh-long,thi-xa
6580ea489fadc6b60cb8584e,691,Bù Gia Mập,Huyện Bù Gia Mập,70,"Bù Gia Mập, Bình Phước","Huyện Bù Gia Mập, Tỉnh Bình Phước",bu-gia-map,huyen
6580ea489fadc6b60cb8584f,692,Lộc Ninh,Huyện Lộc Ninh,70,"Lộc Ninh, Bình Phước","Huyện Lộc Ninh, Tỉnh Bình Phước",loc-ninh,huyen
6580ea489fadc6b60cb85850,693,Bù Đốp,Huyện Bù Đốp,70,"Bù Đốp, Bình Phước","Huyện Bù Đốp, Tỉnh Bình Phước",bu-dop,huyen
6580ea489fadc6b60cb85851,694,Hớn Quản,Huyện Hớn Quản,70,"Hớn Quản, Bình Phước","Huyện Hớn Quản, Tỉnh Bình Phước",hon-quan,huyen
6580ea489fadc6b60cb85852,695,Đồng Phú,Huyện Đồng Phú,70,"Đồng Phú, Bình Phước","Huyện Đồng Phú, Tỉnh Bình Phước",dong-phu,huyen
6580ea489fadc6b60cb85853,696,Bù Đăng,Huyện Bù Đăng,70,"Bù Đăng, Bình Phước","Huyện Bù Đăng, Tỉnh Bình Phước",bu-dang,huyen
6580ea489fadc6b60cb85854,697,Chơn Thành,Thị xã Chơn Thành,70,"Chơn Thành, Bình Phước","Thị xã Chơn Thành, Tỉnh Bình Phước",chon-thanh,thi-xa
6580ea489fadc6b60cb85855,698,Phú Riềng,Huyện Phú Riềng,70,"Phú Riềng, Bình Phước","Huyện Phú Riềng, Tỉnh Bình Phước",phu-rieng,huyen
6580ea489fadc6b60cb85856,703,Tây Ninh,Thành phố Tây Ninh,72,"Tây Ninh, Tây Ninh","Thành phố Tây Ninh, Tỉnh Tây Ninh",tay-ninh,thanh-pho
6580ea489fadc6b60cb85857,705,Tân Biên,Huyện Tân Biên,72,"Tân Biên, Tây Ninh","Huyện Tân Biên, Tỉnh Tây Ninh",tan-bien,huyen
6580ea489fadc6b60cb85858,706,Tân Châu,Huyện Tân Châu,72,"Tân Châu, Tây Ninh","Huyện Tân Châu, Tỉnh Tây Ninh",tan-chau,huyen
6580ea489fadc6b60cb85859,707,Dương Minh Châu,Huyện Dương Minh Châu,72,"Dương Minh Châu, Tây Ninh","Huyện Dương Minh Châu, Tỉnh Tây Ninh",duong-minh-chau,huyen
6580ea489fadc6b60cb8585a,708,Châu Thành,Huyện Châu Thành,72,"Châu Thành, Tây Ninh","Huyện Châu Thành, Tỉnh Tây Ninh",chau-thanh,huyen
6580ea489fadc6b60cb8585b,709,Hòa Thành,Thị xã Hòa Thành,72,"Hòa Thành, Tây Ninh","Thị xã Hòa Thành, Tỉnh Tây Ninh",hoa-thanh,thi-xa
6580ea489fadc6b60cb8585c,710,Gò Dầu,Huyện Gò Dầu,72,"Gò Dầu, Tây Ninh","Huyện Gò Dầu, Tỉnh Tây Ninh",go-dau,huyen
6580ea489fadc6b60cb8585d,711,Bến Cầu,Huyện Bến Cầu,72,"Bến Cầu, Tây Ninh","Huyện Bến Cầu, Tỉnh Tây Ninh",ben-cau,huyen
6580ea489fadc6b60cb8585e,712,Trảng Bàng,Thị xã Trảng Bàng,72,"Trảng Bàng, Tây Ninh","Thị xã Trảng Bàng, Tỉnh Tây Ninh",trang-bang,thi-xa
6580ea489fadc6b60cb8585f,718,Thủ Dầu Một,Thành phố Thủ Dầu Một,74,"Thủ Dầu Một, Bình Dương","Thành phố Thủ Dầu Một, Tỉnh Bình Dương",thu-dau-mot,thanh-pho
6580ea489fadc6b60cb85860,719,Bàu Bàng,Huyện Bàu Bàng,74,"Bàu Bàng, Bình Dương","Huyện Bàu Bàng, Tỉnh Bình Dương",bau-bang,huyen
6580ea489fadc6b60cb85861,720,Dầu Tiếng,Huyện Dầu Tiếng,74,"Dầu Tiếng, Bình Dương","Huyện Dầu Tiếng, Tỉnh Bình Dương",dau-tieng,huyen
6580ea489fadc6b60cb85862,721,Bến Cát,Thị xã Bến Cát,74,"Bến Cát, Bình Dương","Thị xã Bến Cát, Tỉnh Bình Dương",ben-cat,thi-xa
6580ea489fadc6b60cb85863,722,Phú Giáo,Huyện Phú Giáo,74,"Phú Giáo, Bình Dương","Huyện Phú Giáo, Tỉnh Bình Dương",phu-giao,huyen
6580ea489fadc6b60cb85865,724,Dĩ An,Thành phố Dĩ An,74,"Dĩ An, Bình Dương","Thành phố Dĩ An, Tỉnh Bình Dương",di-an,thanh-pho
6580ea489fadc6b60cb85866,725,Thuận An,Thành phố Thuận An,74,"Thuận An, Bình Dương","Thành phố Thuận An, Tỉnh Bình Dương",thuan-an,thanh-pho
6580ea489fadc6b60cb85867,726,Bắc Tân Uyên,Huyện Bắc Tân Uyên,74,"Bắc Tân Uyên, Bình Dương","Huyện Bắc Tân Uyên, Tỉnh Bình Dương",bac-tan-uyen,huyen
6580ea489fadc6b60cb85868,731,Biên Hòa,Thành phố Biên Hòa,75,"Biên Hòa, Đồng Nai","Thành phố Biên Hòa, Tỉnh Đồng Nai",bien-hoa,thanh-pho
6580ea489fadc6b60cb85869,732,Long Khánh,Thành phố Long Khánh,75,"Long Khánh, Đồng Nai","Thành phố Long Khánh, Tỉnh Đồng Nai",long-khanh,thanh-pho
6580ea489fadc6b60cb8586a,734,Tân Phú,Huyện Tân Phú,75,"Tân Phú, Đồng Nai","Huyện Tân Phú, Tỉnh Đồng Nai",tan-phu,huyen
6580ea489fadc6b60cb8586b,735,Vĩnh Cửu,Huyện Vĩnh Cửu,75,"Vĩnh Cửu, Đồng Nai","Huyện Vĩnh Cửu, Tỉnh Đồng Nai",vinh-cuu,huyen
6580ea489fadc6b60cb8586c,736,Định Quán,Huyện Định Quán,75,"Định Quán, Đồng Nai","Huyện Định Quán, Tỉnh Đồng Nai",dinh-quan,huyen
6580ea489fadc6b60cb8586d,737,Trảng Bom,Huyện Trảng Bom,75,"Trảng Bom, Đồng Nai","Huyện Trảng Bom, Tỉnh Đồng Nai",trang-bom,huyen
6580ea489fadc6b60cb8586e,738,Thống Nhất,Huyện Thống Nhất,75,"Thống Nhất, Đồng Nai","Huyện Thống Nhất, Tỉnh Đồng Nai",thong-nhat,huyen
6580ea489fadc6b60cb8586f,739,Cẩm Mỹ,Huyện Cẩm Mỹ,75,"Cẩm Mỹ, Đồng Nai","Huyện Cẩm Mỹ, Tỉnh Đồng Nai",cam-my,huyen
6580ea489fadc6b60cb85870,740,Long Thành,Huyện Long Thành,75,"Long Thành, Đồng Nai","Huyện Long Thành, Tỉnh Đồng Nai",long-thanh,huyen
6580ea489fadc6b60cb85871,741,Xuân Lộc,Huyện Xuân Lộc,75,"Xuân Lộc, Đồng Nai","Huyện Xuân Lộc, Tỉnh Đồng Nai",xuan-loc,huyen
6580ea489fadc6b60cb85872,742,Nhơn Trạch,Huyện Nhơn Trạch,75,"Nhơn Trạch, Đồng Nai","Huyện Nhơn Trạch, Tỉnh Đồng Nai",nhon-trach,huyen
6580ea489fadc6b60cb85873,747,Vũng Tàu,Thành phố Vũng Tàu,77,"Vũng Tàu, Bà Rịa - Vũng Tàu","Thành phố Vũng Tàu, Tỉnh Bà Rịa - Vũng Tàu",vung-tau,thanh-pho
6580ea489fadc6b60cb85874,748,Bà Rịa,Thành phố Bà Rịa,77,"Bà Rịa, Bà Rịa - Vũng Tàu","Thành phố Bà Rịa, Tỉnh Bà Rịa - Vũng Tàu",ba-ria,thanh-pho
6580ea489fadc6b60cb85875,750,Châu Đức,Huyện Châu Đức,77,"Châu Đức, Bà Rịa - Vũng Tàu","Huyện Châu Đức, Tỉnh Bà Rịa - Vũng Tàu",chau-duc,huyen
6580ea489fadc6b60cb85876,751,Xuyên Mộc,Huyện Xuyên Mộc,77,"Xuyên Mộc, Bà Rịa - Vũng Tàu","Huyện Xuyên Mộc, Tỉnh Bà Rịa - Vũng Tàu",xuyen-moc,huyen
6580ea489fadc6b60cb85877,752,Long Điền,Huyện Long Điền,77,"Long Điền, Bà Rịa - Vũng Tàu","Huyện Long Điền, Tỉnh Bà Rịa - Vũng Tàu",long-dien,huyen
6580ea489fadc6b60cb85878,753,Đất Đỏ,Huyện Đất Đỏ,77,"Đất Đỏ, Bà Rịa - Vũng Tàu","Huyện Đất Đỏ, Tỉnh Bà Rịa - Vũng Tàu",dat-do,huyen
6580ea489fadc6b60cb8587a,755,Côn Đảo,Huyện Côn Đảo,77,"Côn Đảo, Bà Rịa - Vũng Tàu","Huyện Côn Đảo, Tỉnh Bà Rịa - Vũng Tàu",con-dao,huyen
6580ea489fadc6b60cb8587b,760,1,Quận 1,79,"1, Hồ Chí Minh","Quận 1, Thành phố Hồ Chí Minh",1,quan
6580ea489fadc6b60cb8587c,761,12,Quận 12,79,"12, Hồ Chí Minh","Quận 12, Thành phố Hồ Chí Minh",12,quan
6580ea489fadc6b60cb8587d,764,Gò Vấp,Quận Gò Vấp,79,"Gò Vấp, Hồ Chí Minh","Quận Gò Vấp, Thành phố Hồ Chí Minh",go-vap,quan
6580ea489fadc6b60cb8587e,765,Bình Thạnh,Quận Bình Thạnh,79,"Bình Thạnh, Hồ Chí Minh","Quận Bình Thạnh, Thành phố Hồ Chí Minh",binh-thanh,quan
6580ea489fadc6b60cb8587f,766,Tân Bình,Quận Tân Bình,79,"Tân Bình, Hồ Chí Minh","Quận Tân Bình, Thành phố Hồ Chí Minh",tan-binh,quan
6580ea489fadc6b60cb85881,768,Phú Nhuận,Quận Phú Nhuận,79,"Phú Nhuận, Hồ Chí Minh","Quận Phú Nhuận, Thành phố Hồ Chí Minh",phu-nhuan,quan
6580ea489fadc6b60cb85882,769,Thủ Đức,Thành phố Thủ Đức,79,"Thủ Đức, Hồ Chí Minh","Thành phố Thủ Đức, Thành phố Hồ Chí Minh",thu-duc,thanh-pho
6580ea489fadc6b60cb85883,770,3,Quận 3,79,"3, Hồ Chí Minh","Quận 3, Thành phố Hồ Chí Minh",3,quan
6580ea489fadc6b60cb85884,771,10,Quận 10,79,"10, Hồ Chí Minh","Quận 10, Thành phố Hồ Chí Minh",10,quan
6580ea489fadc6b60cb85885,772,11,Quận 11,79,"11, Hồ Chí Minh","Quận 11, Thành phố Hồ Chí Minh",11,quan
6580ea489fadc6b60cb85886,773,4,Quận 4,79,"4, Hồ Chí Minh","Quận 4, Thành phố Hồ Chí Minh",4,quan
6580ea489fadc6b60cb85887,774,5,Quận 5,79,"5, Hồ Chí Minh","Quận 5, Thành phố Hồ Chí Minh",5,quan
6580ea489fadc6b60cb85888,775,6,Quận 6,79,"6, Hồ Chí Minh","Quận 6, Thành phố Hồ Chí Minh",6,quan
6580ea489fadc6b60cb85889,776,8,Quận 8,79,"8, Hồ Chí Minh","Quận 8, Thành phố Hồ Chí Minh",8,quan
6580ea489fadc6b60cb8588a,777,Bình Tân,Quận Bình Tân,79,"Bình Tân, Hồ Chí Minh","Quận Bình Tân, Thành phố Hồ Chí Minh",binh-tan,quan
6580ea489fadc6b60cb8588b,778,7,Quận 7,79,"7, Hồ Chí Minh","Quận 7, Thành phố Hồ Chí Minh",7,quan
6580ea489fadc6b60cb8588c,783,Củ Chi,Huyện Củ Chi,79,"Củ Chi, Hồ Chí Minh","Huyện Củ Chi, Thành phố Hồ Chí Minh",cu-chi,huyen
6580ea489fadc6b60cb8588d,784,Hóc Môn,Huyện Hóc Môn,79,"Hóc Môn, Hồ Chí Minh","Huyện Hóc Môn, Thành phố Hồ Chí Minh",hoc-mon,huyen
6580ea489fadc6b60cb8588e,785,Bình Chánh,Huyện Bình Chánh,79,"Bình Chánh, Hồ Chí Minh","Huyện Bình Chánh, Thành phố Hồ Chí Minh",binh-chanh,huyen
6580ea489fadc6b60cb8588f,786,Nhà Bè,Huyện Nhà Bè,79,"Nhà Bè, Hồ Chí Minh","Huyện Nhà Bè, Thành phố Hồ Chí Minh",nha-be,huyen
6580ea489fadc6b60cb85890,787,Cần Giờ,Huyện Cần Giờ,79,"Cần Giờ, Hồ Chí Minh","Huyện Cần Giờ, Thành phố Hồ Chí Minh",can-gio,huyen
6580ea489fadc6b60cb85891,794,Tân An,Thành phố Tân An,80,"Tân An, Long An","Thành phố Tân An, Tỉnh Long An",tan-an,thanh-pho
6580ea489fadc6b60cb85892,795,Kiến Tường,Thị xã Kiến Tường,80,"Kiến Tường, Long An","Thị xã Kiến Tường, Tỉnh Long An",kien-tuong,thi-xa
6580ea489fadc6b60cb85893,796,Tân Hưng,Huyện Tân Hưng,80,"Tân Hưng, Long An","Huyện Tân Hưng, Tỉnh Long An",tan-hung,huyen
6580ea489fadc6b60cb85894,797,Vĩnh Hưng,Huyện Vĩnh Hưng,80,"Vĩnh Hưng, Long An","Huyện Vĩnh Hưng, Tỉnh Long An",vinh-hung,huyen
6580ea489fadc6b60cb85895,798,Mộc Hóa,Huyện Mộc Hóa,80,"Mộc Hóa, Long An","Huyện Mộc Hóa, Tỉnh Long An",moc-hoa,huyen
6580ea489fadc6b60cb85896,799,Tân Thạnh,Huyện Tân Thạnh,80,"Tân Thạnh, Long An","Huyện Tân Thạnh, Tỉnh Long An",tan-thanh,huyen
6580ea489fadc6b60cb85898,801,Đức Huệ,Huyện Đức Huệ,80,"Đức Huệ, Long An","Huyện Đức Huệ, Tỉnh Long An",duc-hue,huyen
6580ea489fadc6b60cb85899,802,Đức Hòa,Huyện Đức Hòa,80,"Đức Hòa, Long An","Huyện Đức Hòa, Tỉnh Long An",duc-hoa,huyen
6580ea489fadc6b60cb8589a,803,Bến Lức,Huyện Bến Lức,80,"Bến Lức, Long An","Huyện Bến Lức, Tỉnh Long An",ben-luc,huyen
6580ea489fadc6b60cb8589b,804,Thủ Thừa,Huyện Thủ Thừa,80,"Thủ Thừa, Long An","Huyện Thủ Thừa, Tỉnh Long An",thu-thua,huyen
6580ea489fadc6b60cb8589c,805,Tân Trụ,Huyện Tân Trụ,80,"Tân Trụ, Long An","Huyện Tân Trụ, Tỉnh Long An",tan-tru,huyen
6580ea489fadc6b60cb8589d,806,Cần Đước,Huyện Cần Đước,80,"Cần Đước, Long An","Huyện Cần Đước, Tỉnh Long An",can-duoc,huyen
6580ea489fadc6b60cb8589e,807,Cần Giuộc,Huyện Cần Giuộc,80,"Cần Giuộc, Long An","Huyện Cần Giuộc, Tỉnh Long An",can-giuoc,huyen
6580ea489fadc6b60cb858a0,815,Mỹ Tho,Thành phố Mỹ Tho,82,"Mỹ Tho, Tiền Giang","Thành phố Mỹ Tho, Tỉnh Tiền Giang",my-tho,thanh-pho
6580ea489fadc6b60cb858a1,816,Gò Công,Thị xã Gò Công,82,"Gò Công, Tiền Giang","Thị xã Gò Công, Tỉnh Tiền Giang",go-cong,thi-xa
6580ea489fadc6b60cb858a2,817,Cai Lậy,Thị xã Cai Lậy,82,"Cai Lậy, Tiền Giang","Thị xã Cai Lậy, Tỉnh Tiền Giang",cai-lay,thi-xa
6580ea489fadc6b60cb858a3,818,Tân Phước,Huyện Tân Phước,82,"Tân Phước, Tiền Giang","Huyện Tân Phước, Tỉnh Tiền Giang",tan-phuoc,huyen
6580ea489fadc6b60cb858a4,819,Cái Bè,Huyện Cái Bè,82,"Cái Bè, Tiền Giang","Huyện Cái Bè, Tỉnh Tiền Giang",cai-be,huyen
6580ea489fadc6b60cb858a7,822,Chợ Gạo,Huyện Chợ Gạo,82,"Chợ Gạo, Tiền Giang","Huyện Chợ Gạo, Tỉnh Tiền Giang",cho-gao,huyen
6580ea489fadc6b60cb858a8,823,Gò Công Tây,Huyện Gò Công Tây,82,"Gò Công Tây, Tiền Giang","Huyện Gò Công Tây, Tỉnh Tiền Giang",go-cong-tay,huyen
6580ea489fadc6b60cb858a9,824,Gò Công Đông,Huyện Gò Công Đông,82,"Gò Công Đông, Tiền Giang","Huyện Gò Công Đông, Tỉnh Tiền Giang",go-cong-dong,huyen
6580ea489fadc6b60cb858aa,825,Tân Phú Đông,Huyện Tân Phú Đông,82,"Tân Phú Đông, Tiền Giang","Huyện Tân Phú Đông, Tỉnh Tiền Giang",tan-phu-dong,huyen
6580ea489fadc6b60cb858ab,829,Bến Tre,Thành phố Bến Tre,83,"Bến Tre, Bến Tre","Thành phố Bến Tre, Tỉnh Bến Tre",ben-tre,thanh-pho
6580ea489fadc6b60cb858ad,832,Chợ Lách,Huyện Chợ Lách,83,"Chợ Lách, Bến Tre","Huyện Chợ Lách, Tỉnh Bến Tre",cho-lach,huyen
6580ea489fadc6b60cb858ae,833,Mỏ Cày Nam,Huyện Mỏ Cày Nam,83,"Mỏ Cày Nam, Bến Tre","Huyện Mỏ Cày Nam, Tỉnh Bến Tre",mo-cay-nam,huyen
6580ea489fadc6b60cb858af,834,Giồng Trôm,Huyện Giồng Trôm,83,"Giồng Trôm, Bến Tre","Huyện Giồng Trôm, Tỉnh Bến Tre",giong-trom,huyen
6580ea489fadc6b60cb858b0,835,Bình Đại,Huyện Bình Đại,83,"Bình Đại, Bến Tre","Huyện Bình Đại, Tỉnh Bến Tre",binh-dai,huyen
6580ea489fadc6b60cb858b1,836,Ba Tri,Huyện Ba Tri,83,"Ba Tri, Bến Tre","Huyện Ba Tri, Tỉnh Bến Tre",ba-tri,huyen
6580ea489fadc6b60cb858b2,837,Thạnh Phú,Huyện Thạnh Phú,83,"Thạnh Phú, Bến Tre","Huyện Thạnh Phú, Tỉnh Bến Tre",thanh-phu,huyen
6580ea489fadc6b60cb858b3,838,Mỏ Cày Bắc,Huyện Mỏ Cày Bắc,83,"Mỏ Cày Bắc, Bến Tre","Huyện Mỏ Cày Bắc, Tỉnh Bến Tre",mo-cay-bac,huyen
6580ea489fadc6b60cb858b4,842,Trà Vinh,Thành phố Trà Vinh,84,"Trà Vinh, Trà Vinh","Thành phố Trà Vinh, Tỉnh Trà Vinh",tra-vinh,thanh-pho
6580ea489fadc6b60cb858b5,844,Càng Long,Huyện Càng Long,84,"Càng Long, Trà Vinh","Huyện Càng Long, Tỉnh Trà Vinh",cang-long,huyen
6580ea489fadc6b60cb858b6,845,Cầu Kè,Huyện Cầu Kè,84,"Cầu Kè, Trà Vinh","Huyện Cầu Kè, Tỉnh Trà Vinh",cau-ke,huyen
6580ea489fadc6b60cb858b7,846,Tiểu Cần,Huyện Tiểu Cần,84,"Tiểu Cần, Trà Vinh","Huyện Tiểu Cần, Tỉnh Trà Vinh",tieu-can,huyen
6580ea489fadc6b60cb858b9,848,Cầu Ngang,Huyện Cầu Ngang,84,"Cầu Ngang, Trà Vinh","Huyện Cầu Ngang, Tỉnh Trà Vinh",cau-ngang,huyen
6580ea489fadc6b60cb858ba,849,Trà Cú,Huyện Trà Cú,84,"Trà Cú, Trà Vinh","Huyện Trà Cú, Tỉnh Trà Vinh",tra-cu,huyen
6580ea489fadc6b60cb858bb,850,Duyên Hải,Huyện Duyên Hải,84,"Duyên Hải, Trà Vinh","Huyện Duyên Hải, Tỉnh Trà Vinh",duyen-hai,huyen
6580ea489fadc6b60cb858bd,855,Vĩnh Long,Thành phố Vĩnh Long,86,"Vĩnh Long, Vĩnh Long","Thành phố Vĩnh Long, Tỉnh Vĩnh Long",vinh-long,thanh-pho
6580ea489fadc6b60cb858be,857,Long Hồ,Huyện Long Hồ,86,"Long Hồ, Vĩnh Long","Huyện Long Hồ, Tỉnh Vĩnh Long",long-ho,huyen
6580ea489fadc6b60cb858bf,858,Mang Thít,Huyện Mang Thít,86,"Mang Thít, Vĩnh Long","Huyện Mang Thít, Tỉnh Vĩnh Long",mang-thit,huyen
6580ea489fadc6b60cb858c0,859,Vũng Liêm,Huyện  Vũng Liêm,86,"Vũng Liêm, Vĩnh Long","Huyện  Vũng Liêm, Tỉnh Vĩnh Long",vung-liem,huyen
6580ea489fadc6b60cb858c1,860,Tam Bình,Huyện Tam Bình,86,"Tam Bình, Vĩnh Long","Huyện Tam Bình, Tỉnh Vĩnh Long",tam-binh,huyen
6580ea489fadc6b60cb858c2,861,Bình Minh,Thị xã Bình Minh,86,"Bình Minh, Vĩnh Long","Thị xã Bình Minh, Tỉnh Vĩnh Long",binh-minh,thi-xa
6580ea489fadc6b60cb858c3,862,Trà Ôn,Huyện Trà Ôn,86,"Trà Ôn, Vĩnh Long","Huyện Trà Ôn, Tỉnh Vĩnh Long",tra-on,huyen
6580ea489fadc6b60cb858c5,866,Cao Lãnh,Thành phố Cao Lãnh,87,"Cao Lãnh, Đồng Tháp","Thành phố Cao Lãnh, Tỉnh Đồng Tháp",cao-lanh,thanh-pho
6580ea489fadc6b60cb858c6,867,Sa Đéc,Thành phố Sa Đéc,87,"Sa Đéc, Đồng Tháp","Thành phố Sa Đéc, Tỉnh Đồng Tháp",sa-dec,thanh-pho
6580ea489fadc6b60cb858c7,868,Hồng Ngự,Thành phố Hồng Ngự,87,"Hồng Ngự, Đồng Tháp","Thành phố Hồng Ngự, Tỉnh Đồng Tháp",hong-ngu,thanh-pho
6580ea489fadc6b60cb858c8,869,Tân Hồng,Huyện Tân Hồng,87,"Tân Hồng, Đồng Tháp","Huyện Tân Hồng, Tỉnh Đồng Tháp",tan-hong,huyen
6580ea489fadc6b60cb858cb,872,Tháp Mười,Huyện Tháp Mười,87,"Tháp Mười, Đồng Tháp","Huyện Tháp Mười, Tỉnh Đồng Tháp",thap-muoi,huyen
6580ea489fadc6b60cb858cd,874,Thanh Bình,Huyện Thanh Bình,87,"Thanh Bình, Đồng Tháp","Huyện Thanh Bình, Tỉnh Đồng Tháp",thanh-binh,huyen
6580ea489fadc6b60cb858ce,875,Lấp Vò,Huyện Lấp Vò,87,"Lấp Vò, Đồng Tháp","Huyện Lấp Vò, Tỉnh Đồng Tháp",lap-vo,huyen
6580ea489fadc6b60cb858cf,876,Lai Vung,Huyện Lai Vung,87,"Lai Vung, Đồng Tháp","Huyện Lai Vung, Tỉnh Đồng Tháp",lai-vung,huyen
6580ea489fadc6b60cb858d1,883,Long Xuyên,Thành phố Long Xuyên,89,"Long Xuyên, An Giang","Thành phố Long Xuyên, Tỉnh An Giang",long-xuyen,thanh-pho
6580ea489fadc6b60cb858d2,884,Châu Đốc,Thành phố Châu Đốc,89,"Châu Đốc, An Giang","Thành phố Châu Đốc, Tỉnh An Giang",chau-doc,thanh-pho
6580ea489fadc6b60cb858d3,886,An Phú,Huyện An Phú,89,"An Phú, An Giang","Huyện An Phú, Tỉnh An Giang",an-phu,huyen
6580ea489fadc6b60cb858d5,888,Phú Tân,Huyện Phú Tân,89,"Phú Tân, An Giang","Huyện Phú Tân, Tỉnh An Giang",phu-tan,huyen
6580ea489fadc6b60cb858d6,889,Châu Phú,Huyện Châu Phú,89,"Châu Phú, An Giang","Huyện Châu Phú, Tỉnh An Giang",chau-phu,huyen
6580ea489fadc6b60cb858d7,890,Tịnh Biên,Thị xã Tịnh Biên,89,"Tịnh Biên, An Giang","Thị xã Tịnh Biên, Tỉnh An Giang",tinh-bien,thi-xa
6580ea489fadc6b60cb858d8,891,Tri Tôn,Huyện Tri Tôn,89,"Tri Tôn, An Giang","Huyện Tri Tôn, Tỉnh An Giang",tri-ton,huyen
6580ea489fadc6b60cb858db,894,Thoại Sơn,Huyện Thoại Sơn,89,"Thoại Sơn, An Giang","Huyện Thoại Sơn, Tỉnh An Giang",thoai-son,huyen
6580ea489fadc6b60cb858dc,899,Rạch Giá,Thành phố Rạch Giá,91,"Rạch Giá, Kiên Giang","Thành phố Rạch Giá, Tỉnh Kiên Giang",rach-gia,thanh-pho
6580ea489fadc6b60cb858dd,900,Hà Tiên,Thành phố Hà Tiên,91,"Hà Tiên, Kiên Giang","Thành phố Hà Tiên, Tỉnh Kiên Giang",ha-tien,thanh-pho
6580ea489fadc6b60cb858de,902,Kiên Lương,Huyện Kiên Lương,91,"Kiên Lương, Kiên Giang","Huyện Kiên Lương, Tỉnh Kiên Giang",kien-luong,huyen
6580ea489fadc6b60cb858df,903,Hòn Đất,Huyện Hòn Đất,91,"Hòn Đất, Kiên Giang","Huyện Hòn Đất, Tỉnh Kiên Giang",hon-dat,huyen
6580ea489fadc6b60cb858e0,904,Tân Hiệp,Huyện Tân Hiệp,91,"Tân Hiệp, Kiên Giang","Huyện Tân Hiệp, Tỉnh Kiên Giang",tan-hiep,huyen
6580ea489fadc6b60cb858e2,906,Giồng Riềng,Huyện Giồng Riềng,91,"Giồng Riềng, Kiên Giang","Huyện Giồng Riềng, Tỉnh Kiên Giang",giong-rieng,huyen
6580ea489fadc6b60cb858e3,907,Gò Quao,Huyện Gò Quao,91,"Gò Quao, Kiên Giang","Huyện Gò Quao, Tỉnh Kiên Giang",go-quao,huyen
6580ea489fadc6b60cb858e4,908,An Biên,Huyện An Biên,91,"An Biên, Kiên Giang","Huyện An Biên, Tỉnh Kiên Giang",an-bien,huyen
6580ea489fadc6b60cb858e5,909,An Minh,Huyện An Minh,91,"An Minh, Kiên Giang","Huyện An Minh, Tỉnh Kiên Giang",an-minh,huyen
6580ea489fadc6b60cb858e6,910,Vĩnh Thuận,Huyện Vĩnh Thuận,91,"Vĩnh Thuận, Kiên Giang","Huyện Vĩnh Thuận, Tỉnh Kiên Giang",vinh-thuan,huyen
6580ea489fadc6b60cb858e7,911,Phú Quốc,Thành phố Phú Quốc,91,"Phú Quốc, Kiên Giang","Thành phố Phú Quốc, Tỉnh Kiên Giang",phu-quoc,thanh-pho
6580ea489fadc6b60cb858e8,912,Kiên Hải,Huyện Kiên Hải,91,"Kiên Hải, Kiên Giang","Huyện Kiên Hải, Tỉnh Kiên Giang",kien-hai,huyen
6580ea489fadc6b60cb858e9,913,U Minh Thượng,Huyện U Minh Thượng,91,"U Minh Thượng, Kiên Giang","Huyện U Minh Thượng, Tỉnh Kiên Giang",u-minh-thuong,huyen
6580ea489fadc6b60cb858ea,914,Giang Thành,Huyện Giang Thành,91,"Giang Thành, Kiên Giang","Huyện Giang Thành, Tỉnh Kiên Giang",giang-thanh,huyen
6580ea489fadc6b60cb858eb,916,Ninh Kiều,Quận Ninh Kiều,92,"Ninh Kiều, Cần Thơ","Quận Ninh Kiều, Thành phố Cần Thơ",ninh-kieu,quan
6580ea489fadc6b60cb858ec,917,Ô Môn,Quận Ô Môn,92,"Ô Môn, Cần Thơ","Quận Ô Môn, Thành phố Cần Thơ",o-mon,quan
6580ea489fadc6b60cb858ed,918,Bình Thuỷ,Quận Bình Thuỷ,92,"Bình Thuỷ, Cần Thơ","Quận Bình Thuỷ, Thành phố Cần Thơ",binh-thuy,quan
6580ea489fadc6b60cb858ee,919,Cái Răng,Quận Cái Răng,92,"Cái Răng, Cần Thơ","Quận Cái Răng, Thành phố Cần Thơ",cai-rang,quan
6580ea489fadc6b60cb858ef,923,Thốt Nốt,Quận Thốt Nốt,92,"Thốt Nốt, Cần Thơ","Quận Thốt Nốt, Thành phố Cần Thơ",thot-not,quan
6580ea489fadc6b60cb858f1,925,Cờ Đỏ,Huyện Cờ Đỏ,92,"Cờ Đỏ, Cần Thơ","Huyện Cờ Đỏ, Thành phố Cần Thơ",co-do,huyen
6580ea489fadc6b60cb858f3,927,Thới Lai,Huyện Thới Lai,92,"Thới Lai, Cần Thơ","Huyện Thới Lai, Thành phố Cần Thơ",thoi-lai,huyen
6580ea489fadc6b60cb858f4,930,Vị Thanh,Thành phố Vị Thanh,93,"Vị Thanh, Hậu Giang","Thành phố Vị Thanh, Tỉnh Hậu Giang",vi-thanh,thanh-pho
6580ea489fadc6b60cb858f5,931,Ngã Bảy,Thành phố Ngã Bảy,93,"Ngã Bảy, Hậu Giang","Thành phố Ngã Bảy, Tỉnh Hậu Giang",nga-bay,thanh-pho
6580ea489fadc6b60cb858f6,932,Châu Thành A,Huyện Châu Thành A,93,"Châu Thành A, Hậu Giang","Huyện Châu Thành A, Tỉnh Hậu Giang",chau-thanh-a,huyen
6580ea489fadc6b60cb858f8,934,Phụng Hiệp,Huyện Phụng Hiệp,93,"Phụng Hiệp, Hậu Giang","Huyện Phụng Hiệp, Tỉnh Hậu Giang",phung-hiep,huyen
6580ea489fadc6b60cb858f9,935,Vị Thuỷ,Huyện Vị Thuỷ,93,"Vị Thuỷ, Hậu Giang","Huyện Vị Thuỷ, Tỉnh Hậu Giang",vi-thuy,huyen
6580ea489fadc6b60cb858fa,936,Long Mỹ,Huyện Long Mỹ,93,"Long Mỹ, Hậu Giang","Huyện Long Mỹ, Tỉnh Hậu Giang",long-my,huyen
6580ea489fadc6b60cb858fc,941,Sóc Trăng,Thành phố Sóc Trăng,94,"Sóc Trăng, Sóc Trăng","Thành phố Sóc Trăng, Tỉnh Sóc Trăng",soc-trang,thanh-pho
6580ea489fadc6b60cb858fe,943,Kế Sách,Huyện Kế Sách,94,"Kế Sách, Sóc Trăng","Huyện Kế Sách, Tỉnh Sóc Trăng",ke-sach,huyen
6580ea489fadc6b60cb858ff,944,Mỹ Tú,Huyện Mỹ Tú,94,"Mỹ Tú, Sóc Trăng","Huyện Mỹ Tú, Tỉnh Sóc Trăng",my-tu,huyen
6580ea489fadc6b60cb85900,945,Cù Lao Dung,Huyện Cù Lao Dung,94,"Cù Lao Dung, Sóc Trăng","Huyện Cù Lao Dung, Tỉnh Sóc Trăng",cu-lao-dung,huyen
6580ea489fadc6b60cb85901,946,Long Phú,Huyện Long Phú,94,"Long Phú, Sóc Trăng","Huyện Long Phú, Tỉnh Sóc Trăng",long-phu,huyen
6580ea489fadc6b60cb85902,947,Mỹ Xuyên,Huyện Mỹ Xuyên,94,"Mỹ Xuyên, Sóc Trăng","Huyện Mỹ Xuyên, Tỉnh Sóc Trăng",my-xuyen,huyen
6580ea489fadc6b60cb85903,948,Ngã Năm,Thị xã Ngã Năm,94,"Ngã Năm, Sóc Trăng","Thị xã Ngã Năm, Tỉnh Sóc Trăng",nga-nam,thi-xa
6580ea489fadc6b60cb85905,950,Vĩnh Châu,Thị xã Vĩnh Châu,94,"Vĩnh Châu, Sóc Trăng","Thị xã Vĩnh Châu, Tỉnh Sóc Trăng",vinh-chau,thi-xa
6580ea489fadc6b60cb85906,951,Trần Đề,Huyện Trần Đề,94,"Trần Đề, Sóc Trăng","Huyện Trần Đề, Tỉnh Sóc Trăng",tran-de,huyen
6580ea489fadc6b60cb85907,954,Bạc Liêu,Thành phố Bạc Liêu,95,"Bạc Liêu, Bạc Liêu","Thành phố Bạc Liêu, Tỉnh Bạc Liêu",bac-lieu,thanh-pho
6580ea489fadc6b60cb85908,956,Hồng Dân,Huyện Hồng Dân,95,"Hồng Dân, Bạc Liêu","Huyện Hồng Dân, Tỉnh Bạc Liêu",hong-dan,huyen
6580ea489fadc6b60cb8590a,958,Vĩnh Lợi,Huyện Vĩnh Lợi,95,"Vĩnh Lợi, Bạc Liêu","Huyện Vĩnh Lợi, Tỉnh Bạc Liêu",vinh-loi,huyen
6580ea489fadc6b60cb8590b,959,Giá Rai,Thị xã Giá Rai,95,"Giá Rai, Bạc Liêu","Thị xã Giá Rai, Tỉnh Bạc Liêu",gia-rai,thi-xa
6580ea489fadc6b60cb8590c,960,Đông Hải,Huyện Đông Hải,95,"Đông Hải, Bạc Liêu","Huyện Đông Hải, Tỉnh Bạc Liêu",dong-hai,huyen
6580ea489fadc6b60cb8590e,964,Cà Mau,Thành phố Cà Mau,96,"Cà Mau, Cà Mau","Thành phố Cà Mau, Tỉnh Cà Mau",ca-mau,thanh-pho
6580ea489fadc6b60cb8590f,966,U Minh,Huyện U Minh,96,"U Minh, Cà Mau","Huyện U Minh, Tỉnh Cà Mau",u-minh,huyen
6580ea489fadc6b60cb85910,967,Thới Bình,Huyện Thới Bình,96,"Thới Bình, Cà Mau","Huyện Thới Bình, Tỉnh Cà Mau",thoi-binh,huyen
6580ea489fadc6b60cb85911,968,Trần Văn Thời,Huyện Trần Văn Thời,96,"Trần Văn Thời, Cà Mau","Huyện Trần Văn Thời, Tỉnh Cà Mau",tran-van-thoi,huyen
6580ea489fadc6b60cb85912,969,Cái Nước,Huyện Cái Nước,96,"Cái Nước, Cà Mau","Huyện Cái Nước, Tỉnh Cà Mau",cai-nuoc,huyen
6580ea489fadc6b60cb85913,970,Đầm Dơi,Huyện Đầm Dơi,96,"Đầm Dơi, Cà Mau","Huyện Đầm Dơi, Tỉnh Cà Mau",dam-doi,huyen
6580ea489fadc6b60cb85914,971,Năm Căn,Huyện Năm Căn,96,"Năm Căn, Cà Mau","Huyện Năm Căn, Tỉnh Cà Mau",nam-can,huyen
6580ea489fadc6b60cb85916,973,Ngọc Hiển,Huyện Ngọc Hiển,96,"Ngọc Hiển, Cà Mau","Huyện Ngọc Hiển, Tỉnh Cà Mau",ngoc-hien,huyen